book_id,book_title
611,"Азийн хүлэг улс"
612,"Сэмэрч үл барагдана"
613,Ухаарал
614,"Автуус ба амьдрал"
615,"Монгол зарчим"
616,"Эцэг эхийн ачлалыг хариулах гэгээн сургаал"
617,"Надад өрсөлдөгч үгүй"
618,"Загас хашгирах цаг"
619,"Александр Блок"
620,"Эр хүүрнэл"
621,"Эсрэг цаг"
622,"Оросын мөнгөн үеийн яруу найраг"
623,"Залбирлын Эсээс"
624,"Орчлонд илгээх захидал"
625,"“Хүн” оддын Бясалгал"
626,"Борхүү, Одхүү, Төмөрхүү гурвын адал явдал"
627,"Friendship is magic #1 (My little pony)"
628,"Ногун комик цуврал 1"
630,"Моби Дик"
631,"Үүлэн бор"
632,"Орос үлгэрүүд"
633,Гэсэр
635,"Шидэт хүүрийн үлгэр"
636,"Монголын товч түүх"
637,"Монголын нууц товчоо"
638,Спартак
639,"Шадар гурван цэрэг"
641,"Америкийн эмгэнэлт явдал 1-р Боть"
642,"Америкийн эмгэнэлт явдал 2-р Боть"
643,"Арбатын хүүхдүүд 1"
644,"Санниковын газар"
645,"Усан доогуур 20000 бээр аялсан нь"
646,"Казиног номхотгосон түүх"
647,"Монте Кристо Гүн 1-р Боть"
648,"Монте Кристо Гүн 2-р Боть"
649,"Монте Кристо Гүн 3-р Боть"
650,"Дэлхийн бяцхан түүх"
651,"Хорин жилийн хойно I"
652,"Робинзон Крузогийн адал явдалууд"
653,"Шоовдор хүмүүс"
654,"Цохилж эхлэв"
655,"Дэлхийн төв рүү аялсан нь"
656,"Адтай Мятав"
657,"Морь унасан толгойгүй хүн"
658,"Коран судар"
661,"Эрхий мэргэн"
662,"Сүүлэн хүү"
663,Өнхрүүш
666,"61 ах нэгдүгээр дэвтэр"
667,"61 ах хоёрдугаар дэвтэр"
668,"Доктор Жэкилл болон ноён Хайдын жигтэй цадиг"
669,Дотроосоо
670,"Өнөөх 1"
671,"Өнөөх 2"
672,"Улаан цохиотын цуурай"
673,"Сэмэрч үл барагдана"
674,"Үр харам"
675,"Гайхамшигт Дэдэ ба Додо"
678,"Зорих зүг"
679,"Цайлган Эрендира"
680,"Английн хаад, хатад"
681,"Гунигт янхнуудаа дурсахуй"
682,"Дотно алс"
683,"Хуучин хүүхэлдэйнүүд"
685,"Хөндлөнгийн хүн"
686,Нурам
687,"Хувь заяаны хэлхээ"
688,"Америкт зорчсон Жийжээ"
689,"Гүн хэлмэр"
690,"Хээр хөдөө хэн шулганав"
691,"Ра лозавагийн намтар"
692,"Интерлюд Interlude"
693,"Галбарвас мод хэмээх шашны түүх"
694,"Сонгодог 100 зохиолч 1"
695,"Сонгодог 100 зохиолч 2"
696,"Жаахан хүүхдийн талаар чиний мэдвэл зохих зүйлс"
697,"Хүрэл зүрх"
698,"Миний мэдэх ЖЕНКО Баттулга"
699,"Түүхэн 500 үйл явдал"
700,"Адагт очих жор"
701,"Дурлалын гэрээ"
702,"Шувуудын гүн ухаан"
703,"Шувуудын гүн ухаан"
704,Санкара
705,"Мани-ийн түг түмэн зарлиг"
706,"Veritas Америкт хуулийн сургуульд суралцсан тэмдэглэл"
707,"Бүдэг зүүд"
708,"Жорлонд унших ном"
709,"Дагина Мажиг Лавдонмаагийн намтар"
710,"Ямандаг бурхны үүсгэлийн зэрэг"
711,"Нүрзэд хаачив"
712,"Монголын нууц товчоо"
713,"Мял Богдын саран мэт шавь Райчүн Дорждагвын намтар"
714,Altogether
715,"Олон улсын харилцаан дахь байнга төвийг сахих статус"
716,"Ямандаг Чойнжун"
717,"Анагаахын ба Сувилахуйн ухааны толь /Aнгли-Монгол, Монгол-Англи/"
718,"Ариун шүтээн минь"
719,"Meet Pete"
720,"Today in the life"
721,"Tomorrow in the life"
722,"Yesterday in the life"
723,"Кино зохиолчдын библи"
724,"Сувилгааны үйл ажиллагаа"
725,"Д. Нацагдоржийн түүвэр зохиолууд"
726,"Үйлийн үрийн байшин"
727,"Эгнэшгүй нөхрийг олов"
728,"Айн Жалудын домог"
729,"Бат, Сүбээдэй нар дорнод Европт"
730,"Тусгаар тогтнолын тухай алаг цоогхон тэмдэглэлүүд"
731,"Амьд цонх"
732,"Мөрөөдлийн хүч"
733,"Харвардын оюутнууд хэрхэн суралцдаг вэ?"
734,"Эсрэг хүйстнээ "найрах" нууц"
735,"Америкт болсон аймшигт явдалууд 1"
736,"Ам дамжсан яриа"
737,Менежмент
738,"Нэвтэргүүн бичвэр"
739,"Еврей хүмүүсийн боловсрол болон амжилтын нууц"
741,"Аугаа Эрин: Хөх илдний очис"
742,"Амьдралын хичээл"
743,"Амьдралын гарааны үнэт зөвлөмж"
744,"Алибаба группыг үндэслэгч Жэк Ма-гийн амжилтын нууц"
746,"Антолог буюу Гилромоц"
747,Ороолон
748,"Сод ухаантай хүүхэд төрүүлдэг Еврей хүмүүсийн жирэмслэлтийн арга"
749,"Их үдийн хот загасны хайрс шиг гудамж"
750,"Марк Зукербергийн бүтээсэн ертөнц Фэйсбүүк"
751,Ариан
753,"Самсунг компанийн ерөнхий захирал И Гон Хы-гийн удирдлагын ухаан болон амжилтын нууц"
754,""Вангийн нулимс" 1-р хэсэг"
755,""Вангийн нулимс" 2-р хэсэг"
757,"Арбатын хүүхдүүд 2 (Айдас)"
758,"Арбатын хүүхдүүд 3 (Үнс чандруу)"
759,""Вангийн нулимс" 3-р хэсэг"
760,"Гурван жилийн тоос"
762,"Хүн чулууны бичээс"
763,"Овоонд өргөх чулуу"
764,"Асрал энэрэлийн хүч чадал"
765,"Бурханы шашны үзэл явдлын түүвэр товчоон"
766,"Үүлэн тайзтай бийрэн жүжиг"
767,"Очирбатын ДАШБАЛБАР"
768,"Антологи буюу Гилромоц 2"
772,"Хүдэнт хангайн уулс 1"
773,"Манго жимстэй цай"
774,"Цэцгэн титэм"
775,"Сахиусан тэнгэрүүд"
776,"Гол тоглогч"
777,ЖЕНКО
778,"Зүрхэнд хүрсэн өгүүллэгүүд"
779,"Сэнтий түшсэн хатад"
780,"Сүүлчийн гавьяат жүжигчин"
781,"Манай үеийн мангас"
782,"Хүн зуудаг хоточ"
783,"Хүйтэн цуст капиталист"
784,"Зэлтэрийн гацааны Зи бацаан"
785,"Нохой шуугиулсан Баатар"
786,"Хүнд жингийн Коммунист"
787,"Монголоо мандуулсан Маршал"
788,"Дотроосоо 1-р бүлэг"
789,"Дотроосоо 2-р бүлэг"
790,Занаду
791,"Зүрхнээс ину"
792,"Шүтэн барилдахуйн магтаал"
793,"Амрагийн тэнгэр"
794,"Ой тогтоолтын аргаар гадаад үг цээжлэх нь"
795,"Алс газар сурахаар одогсод /тэргүүн дэвтэр/"
796,"Friendship is magic #2 (My little pony)"
797,"Friendship is magic #3 (My little pony)"
798,"Friendship is magic #4 (My little pony)"
799,"Баяртай гуниг минь"
800,"Тэр бол бурхны алдаа"
801,"Мэргэн үгсийн чуулган"
802,"Оршихгүйгээр оршихуй"
803,"Амьдрал нэрт кафед"
804,"Дурлах нас 1"
805,"Сайн уу, найз минь"
806,"Дурлах нас 2"
807,"Хүүхэд ба Гэр бүл"
809,"Замбуутивийн дэлгэр номлол"
810,"Нэг жил"
811,"Нар жаргадаггүй"
812,"Хар домоос сударлан далд ертөнцөд зорчивоос"
813,"Хөгждөггүйн тухай тэрс үг минь"
814,"Гурван цагийн аяс"
815,"Хорин жилийн хойно II"
816,"Ухаалаг нүүдэлчид"
817,"Бурханд хэлэх зөвлөгөө, CD Бүлэг 1"
818,"Бурханд хэлэх зөвлөгөө, CD Бүлэг 2"
819,"50 чухал хүн"
820,"Өнөөгийн ертөнцийг үндэслэгч Эзэн Чингис хаан"
821,"Эзэнт гүрний туульс  1"
822,"Монголын их хатдын нууц товчоо"
824,"Мөнгөний түүх"
825,"Амьд үлдэгсэд"
826,"Платоны тодорхойлсон хүн"
827,"Rose (Зөгнөлт өгүүллэг)"
828,"Улс төрийн эрх чөлөө"
829,"Эдийн засгийн эрх чөлөө"
830,"Хувь хүний эрх чөлөө"
831,"Бясалгал хийх тухай"
832,"Уур тэргүүтэй хорт сэтгэлтэй тэмцэхүй"
834,"Бурханд хэлэх зөвлөгөө"
835,"Монгол хэлний хэлц үгийн тайлбар"
836,"Жирэмсэн үеийн зөвлөмж"
837,"Эрдэмт 7 хүү"
838,"Яаж хурдан адуутай болох вэ"
840,Bold
842,"Better and faster"
843,"Content rules"
844,"Never eat alone"
845,"More sales less time"
846,"Эх хэл эрдмийн түлхүүр"
847,"The secret history of the MONGOL QUEENS"
848,"Монгол өвөрмөц хэлцийн тайлбар толь"
849,"GENGHIS KHAN and the Making of the Modern World"
850,"Утгын чимэг - шилмэл өгүүллэгүүд"
851,"Боодол мөнгө"
852,"Софийн ертөнц 1-р хэсэг"
853,"Софийн ертөнц 2-р хэсэг"
854,"Утгын чимэг (бүлэг - 1)"
855,"Утгын чимэг (бүлэг - 2)"
856,"Утгын чимэг (бүлэг - 3)"
857,"Утгын чимэг (бүлэг - 4)"
858,"Мялын буман дуулал"
859,"Монгол Улсын хууль тогтоомжийн түүхэн товчоо"
860,"Сэрж буй Монгол CD1"
861,"Сэрж буй Монгол CD2"
862,1984
863,"Монгол Улсын үндсэн хуульт ёсны уламжлал"
864,"Аргагүй амраг"
865,"“Муухай хүүхэд” гэж бүү хэлээрэй"
866,"Орхоны хөвөөнд наран мандахуй"
867,"Хугарсан ноён нуруу"
868,"Нууц товчооны адуу"
869,"Аз жаргалын амин дэм"
870,"Хуурай мацгийн гайхамшиг"
871,"Шөнийн Солонго"
872,"Дөнгөж 13: Тайландын секс-жуулчидтай өнгөрүүлсэн миний өсвөр нас"
873,"Мартагдсан Пүгү аймаг"
874,"Жорлонгоо өөрчилье"
876,"Хөх эгшиг"
878,"Шинжээчид өө хэлээгүй хүлэг"
879,"Ангалзуулаад түрүүлсэн наадам"
880,"Мөнх төрийн мөнгөн магнай"
881,"Соёмбо нэгдлийн халтар азарга"
882,"Галын хүрэн морь"
883,"Даахин дор хүлэг"
884,"Бөгөн хүрэн азарга"
885,"Засаг төрийн Зандан ширээ"
886,"Удам сайнаас унага босоо төрнө"
887,"Дамар хонгор азарга"
888,"Сайн уяачийн нөмөр"
889,"Чонон саарал морь"
890,"Бүгд өөрийн гунигтай"
891,test
892,"Чингис хаан Эрхэм дээд үнэний эрэлд"
893,"Дарангуйллаас ардчилалд шилжихүй"
894,Төлөөс
895,"Монголын эртний нүүдэлчдийн зэр зэвсэг"
896,"Тамирчны зоригийн сэтгэл зүй"
897,"Бодлоос гардаггүй тэр нэгэн өдөр"
898,"Би бол дараагийн олимп, дэлхийн аварга мөн"
901,"Ангир уураг"
902,"Уянгын тойрог"
903,"Цагаан тэнхлэг"
904,"Би ирээдүй рүү нүүр бардам харна С. Баяр"
905,"Энэ амьдралд нэг арьсан дотор нэг нүүртэй байж байгаад дуусчихвал сайхан Ц. Нямдорж"
906,"Нүцгэн Үнэн: Хайр, Секс ба Харилцаа"
907,"Эгэл бус Мужаан"
908,"Гүйгүүл зүүдтэй намар"
909,"Ж. Жойс “Улисс” (В.Набоковын лекц)"
910,"Ф. Кафка “Хувирал” (В.Набоковын лекц)"
911,"Ж. Остен “Мэнсфилд парк” (В.Набоковын лекц)"
912,"Азын дөрвөн морь"
913,"Эмээлтэй мөндөр"
914,"Ч.Диккенс “Хүйтэн байшин” (В.Набоковын лекц)"
915,"М.Прүст “Сваны зүг” (В.Набоковын лекц)"
916,"Стивенсон “Доктор Жекил болоод мистер Хайдын хачирхалтай түүх” (В.Набоковын лекц)"
917,"Г.Флобер “Бовари хатагтай” (В.Набоковын лекц)"
918,"Сервантес “Кихот ноён” (В.Набоковын лекц)"
919,"Баярлалаа чамдаа"
920,"Friendship is magic #5 (My little pony)"
921,"Friendship is magic #6 (My little pony)"
922,"Friendship is magic #7 (My little pony)"
923,"Friendship is magic #8 (My little pony)"
924,"Манлайлал ба Нэг минутын менежер"
925,"Хувийн манлайлал ба Нэг минутын менежер"
927,"Домогт баатрын туульс I"
928,"Эх түүхийг энгийнээр"
930,"Эмнэг хар азарга"
931,"Чингис хаан 500 баримт"
932,"Аравдугаар сарын наадаан"
933,"Нэг гэрийн хоёр эзэгтэй"
934,"Аавтайгаа өнгөрүүлсэн онцгой өдөр"
935,"Тавтай нойрсоорой бяцхан По"
936,"Хайртай шүү Бяцхан По"
937,"Хятад хэл 1"
938,"Хятад хэл 2"
939,"Хятад хэл 3"
940,"Хятад хэл 4 (1-р хэсэг)"
941,"Хятад хэл 4 (2-р хэсэг)"
942,"Хятад хэл 4 (3-р хэсэг)"
943,"Хятад хэл 4 (4-р хэсэг)"
944,"English 1 - Sherlock Holmes"
945,"English 2 - About a boy - Part 1"
946,"English 3 - Pelican Brief"
947,"English 4 - Wonder"
948,"Өгөөмөр охин Өэлүн"
949,"Тусч охин Бөртэ"
950,"Friendship is magic #9 (My Little Pony)"
951,"Friendship is magic #10 (My Little Pony)"
952,"Friendship is magic #11 (My Little Pony)"
953,"Friendship is magic #12 (My Little Pony)"
954,"Friendship is magic #13 (My Little Pony)"
955,"Friendship is magic #14 (My Little Pony)"
956,"Friendship is magic #16 (My Little Pony)"
957,"Friends forever #1 (My Little Pony)"
958,"Friends forever #2 (My Little Pony)"
959,"Friends forever #3 (My Little Pony)"
960,"Манлайлагчийн зам"
961,"Борхүү, Одхүү, Төмөрхүү гурвын адал явдал #2"
962,"Борхүү, Одхүү, Төмөрхүү гурвын адал явдал #3"
963,"Борхүү, Одхүү, Төмөрхүү гурвын адал явдал #5"
964,"Борхүү, Одхүү, Төмөрхүү гурвын адал явдал #6"
965,"Эх Үрийн Судар"
966,"English 2 - About a boy - Part 2"
967,"Хятад хэл 1-1 (Монгол хэлээр)"
968,"Үрийг Хүмүнжүүлэх Судар"
969,"Шинэчлэл ба Түүх"
972,"Хараалт зуслан"
973,Булш
974,"Хятад хэл 1 - 2 (Монгол хэлээр)"
975,"Хятад хэл - 2 (Монгол хэлээр)"
976,"Цасан хөшиг"
977,"Гаваагийн Оюун"
978,"Дамжин өнгөрөх тээвэр хөгжлийн гарц"
979,"Миний өвөө монголтрансын жолооч"
980,"Гүрж яагаад чадав"
981,"Сонгогч таны эрх зүйн мэдлэгт 3"
986,"Сонсогч таны эрх зүйн мэдлэгт 1"
987,"Төр ба Иргэн"
988,"Харвардын Серендипити"
989,"Сонсогч таны эрх зүйн мэдлэгт 2"
990,"Толин Хул  - Шүлгийн дууны цомог"
991,"Ган хатгуур"
992,"Сүүдрийн вант улс"
994,"Сүүдрийн хүн"
995,"700 өдрийн тэмдэглэл"
996,"Омогшин бардана"
997,"Эрх зүй"
999,"Миний хонгор хүү"
1000,"Амьдрал /өгүүллэгийн түүвэр/"
1001,"Амьд гариг ном /Зөгнөлт, триллер өгүүллэгүүд/"
1002,"Монгол Улсын Дээд шүүхийн тогтоолын эмхтгэл"
1003,"Зүрхэн шивнээ"
1004,"Ухаанд ургасан эзэнт гүрний эрэл"
1006,"Марко Поло аялал"
1007,Хараацай
1008,"Нарны алга (дууль)"
1011,"Нарны алга-1"
1012,"Нарны алга-2"
1013,"Содон төрх ,сонирхолтой ааль ааш (2-р дэвтэр)"
1014,"Ам дамжсан яриа /+21/"
1015,"Сахилгагүй биш сахилгагүй"
1016,"Чимээгүй хот /зөгнөлт аймшиг/"
1019,"Яаж хурдан адуутай болох вэ?"
1020,"Хятадтай хэрхэн өрсөлдөх вэ?"
1021,"Шийдэмгий нүүдэл"
1024,"Шидэт уулын сормуус"
1026,"Зарлигаар тогтоосон гадаад монголын төрийг засах явдлын яамны хууль зүйлийн бичиг"
1027,"Аятайхан Амттайхан Гоёхон"
1028,"Өдөр бүрийн талх /1-3сар/"
1029,"Өдөр бүрийн талх /1-6сар/"
1030,"Өдөр бүрийн талх 2020"
1031,"Улирал ба зохиолч"
1032,"Хэсгийн төлөөлөгчийн эхнэрт тохиолдсон явдал"
1033,"Жадамбын Бат-Эрдэнэ - Түүхээ сөхвөл"
1034,"Маргаашийн удирдагч"
1039,"Монгол зарчим"
1040,"Галзуугийн улирал"
1041,"Товгүй Баярын Хот"
1042,"Галзуугийн улирал"
1043,"Эрэлхэг баатрууд"
1044,"“Содон төрх, сонирхолтой ааль ааш”  3-р дэвтэр"
1045,"Сурган хүмүүжүүлэх сэтгэл судлал"
1046,Цогтсайхан
1047,"Дэлхийн монголчуудаар зорчсон тэмдэглэл"
1048,"Хөгжилтэй аргаар Англи шинэ үгээ цээжилцгээе!"
1049,"Хатан заяат охид"
1050,"Хаадын түүх"
1051,Золиос
1052,"Чимээгүй одогсод"
1053,"Буд гарагийн замаар"
1054,"Санхүүгийн философи"
1056,"Шар айраг"
1057,"Хэрвээ Та Зүг Чиг"
1058,"Хөгжилтэй аргаар Солонгос шинэ үгээ цээжилцгээе!"
1059,"Хөгжилтэй аргаар Япон шинэ үгээ цээжилцгээе!"
1063,"Amla card- Төвлөр Төсөөл Тогтоо"
1064,"Харанхуй дахь гол"
1065,"Нийгмийн сэтгэл судлал"
1066,"XXI зууны Монгол улсын үндэсний аюулгүй байдлыг бодлогын судалгаа"
1068,Томъёолшгүй
1069,"Цэвдэг Жаран"
1071,"Оюунтөгс хүүгийн үлгэр"
1072,"Аз жаргалын эрэлд"
1073,"Яргуйн эрэлчин CD 1"
1074,"Яргуйн эрэлчин CD 2"
1075,"Толгодын цаана ингэ буйлна CD 1"
1076,"Толгодын цаана ингэ буйлна CD 2"
1077,"Сахиусан тэнгэрүүд"
1079,"Эрдэнэ жонон ван Ширнэндамдин"
1082,"Дээдэс өршөө /шилдэг богино өгүүллэгүүд/"
1083,"Монголоо таниулъя"
1085,"Зарлигаар тогтоосон Монгол Улсын Хууль зүйлийн бичиг"
1086,"Монгол улсын шинэ түүх"
1087,"Монголоо таниулъя"
1090,"Түүхэн нотолгоо"
1091,"Сургалтын хөтөлбөрийн харьцуулсан судалгаа"
1092,"Цэрэнпил гүнгийн хэрэг"
1093,"Хүн, араатан, бурхад - Тэргүүн хэсэг"
1094,"Хүн, араатан, бурхад - Дэд хэсэг"
1095,"Хүн, араатан, бурхад - Гутгаар хэсэг"
1096,"Хүн, араатан, бурхад - Дөтгөөр хэсэг"
1097,"Хүн, араатан, бурхад - Тадгаар хэсэг"
1098,"Хайр дурлалын сэтгэл зүй"
1099,"Час улаан бадмаараг эрдэнэс"
1100,"Оюутан суралцагчдад судалгааны ажил бичих зөвлөмж"
1101,"Монгол Улсын хураангуй түүх"
1102,"Сэтгэл судлал, сурган хүмүүжүүлэх ухааны өгүүллийн эмхэтгэл -1. Багш, суралцагч."
1104,"Галатчуудад бичсэн захидлын тайлбар"
1105,"1%-ийн БОЛОМЖ 99%-ийн ХӨДӨЛМӨР"
1106,"Нүсэр бус төсөр"
1107,"Бие хүний сэтгэл судлал"
1108,"Сургамжит өгүүллэгүүд 1"
1109,"Сургамжит өгүүллэгүүд 2"
1110,"Сургамжит өгүүллэгүүд 3"
1111,"Сургамжит өгүүллэгүүд 4"
1112,"Сургамжит өгүүллэгүүд 5"
1113,"Сургамжит өгүүллэгүүд 6"
1114,"Сургамжит өгүүллэгүүд 7"
1115,"Өгөх авах ухаан"
1118,"Борооноор уралдах урлаг"
1119,"Монгол ёс заншлын хорио цээрүүд"
1120,"Дэлхийн аврал"
1121,"Орчлонгийн чинад нууцын тайлал"
1122,"Хөх Монгол иргүн Алтан дээд үнэний жамд бадрахуй"
1124,"Улаан Сухай"
1125,"“Жигүүртнээс дээгүүр” цомог"
1126,"Номтын тэнгэрийн 33 баатар"
1127,"Хар ном – Хууралт ба худал ярилтыг илрүүлэх 150 арга"
1129,"Монголчуудын цахим түүх CD1"
1130,"Монголчуудын цахим түүх CD2"
1131,"Монголчуудын цахим түүх CD3"
1132,"Монголчуудын цахим түүх CD4"
1133,"Үйлийн үр"
1134,"Сарны шувуу"
1136,"Гэрт болсон яриа"
1137,"Бүтээлч, INC."
1138,"Миний Лобби"
1139,"Шилийн богд"
1142,"Оршихуйн 6 тив"
1143,"Хөгжилтэй аргаар Швед хэлний үгээ цээжилцгээе!"
1144,"Гол ус тунгалагших цаг"
1145,"Хөгжилтэй аргаар Франц хэлний үгээ цээжилцгээе!"
1146,"Чи жинхэнэ хүчээ хэзээ гаргах юм бэ?"
1147,"Хөгжилтэй аргаар Турк хэлний үгээ цээжилцгээе!"
1148,"Монгол соёлоо таниулъя"
1149,"Сергей Есенин. Сонгодог шүлгүүд"
1150,"Хүмүүсийн тухай роман-1"
1151,"Чөлөөт бүсийн эрх зүйн актын эмхэтгэл"
1152,"Боомт хот"
1153,"Улаан шиш"
1154,"Улаахан алчууртай хонгор минь"
1155,"Хятад орныг 10 үгээр"
1157,"Хүмүүсийн тухай роман-2"
1160,"Хөгжилтэй аргаар Герман хэлний үгээ цээжилцгээе!"
1162,"Зурвасхан бодлууд"
1167,"Хөгжилтэй аргаар Орос хэлний үгээ цээжилцгээе!"
1169,"Явуу баатар vs Covid-19 комик"
1170,"Дээрхийн гэгээн XIV Далай лам Данзанжамцын “Өдөр тутмын 365 бясалгал”"
1171,"Хөгжилтэй аргаар Итали хэлний үгээ цээжилцгээе!"
1172,"Зүлэйха нүдээ нээхүйд"
1173,""Хотол төгс" хэмээх төмөр хулгана жилийн засал номын айлдвар"
1176,"Хөгжилтэй аргаар Испани хэлний үгээ цээжилцгээе!"
1177,"Баян эмэгтэй"
1178,"Шүүх ажиллагаа"
1179,"Шилдэг бизнес төлөвлөгөө зохиох цагаан толгой"
1180,"Дориан Грэйн хөрөг"
1181,"Бүтээлч даалгавар"
1182,"Жижиг бизнесээр баяжих ухаан"
1183,"Дээрхийн гэгээн XIV Далай лам Данзанжамцын “Амар тайван амьдрахуйн зурлага”"
1184,"Цахимд учирсан амраг минь"
1185,"Хилийн дээснээс урагшхан, алтан нарнаас баруунтаа"
1186,"Хүн болох урлаг"
1187,"Унага Монгол ардын үлгэр"
1188,"Суралцахуй, сурах хэв маяг"
1189,"Чингисийн цагаан үүл"
1190,"Хулан хатан"
1192,"Монголчууд Америкт"
1193,"Хятад өгүүллэгийн түүвэр"
1195,"Сэтгэлд хүрсэн үгс"
1196,"Бар ээж"
1197,"Хөх тариан талбайн ирмэгт"
1198,"Монголын авьяаслаг бизнесмэнүүдийн нууц"
1199,"Ертөнцийг өөрчилсөн 50 компани"
1200,"Амжилтад хүрдэг хүрдэггүй хүмүүсийн өчүүхэн ялгаа"
1201,"Монголыг өөрчилсөн 30 компани"
1202,"Хөгжилтэй аргаар далбаагаа цээжилцгээе - 1"
1203,"Ичимхий зан минь баяртай"
1204,Сүрчиг
1206,"Баялаг | Сэдэл тусгал шийдэл туршлага"
1207,"Хөгжилтэй аргаар далбаагаа цээжилцгээе - 2"
1208,"Нүүр будалт бол урлаг"
1209,"Ариун Библи 2013"
1210,"Харь гаригийн өгүүллэгүүд"
1211,"Үхэл үгүй дурлал"
1212,"Тархи угаах урлаг"
1213,"Ноён үрэлгэн ба Хатагтай хэмнэгч"
1214,"Дэлхийн загварлаг брэндүүд"
1215,Сорхугтани
1217,"Биткойн ба блокчэйний тухай үндсэн ойлголтууд"
1220,"Цус харвалтын дараах нөхөн сэргээх эмчилгээний гарын авлага"
1221,"TED Talks: Илтгэх урлагт хөтлөх TED-ийн албан ёсны гарын авлага"
1222,"Зуршлын Хүч"
1223,"Ямар хүүхнүүд баян болдоггүй вэ?"
1224,Дүблинчүүд
1225,"Нүүдэлчний яриа"
1226,"Ажил, мэргэжил бага лавлах толь"
1227,"Миний ажлын ноу-хау"
1228,"Америкт суралцсан тэмдэглэл"
1229,""Залхуу ээж"-ийн сурагчид"
1230,"Пүүзэнд дурлагч"
1231,"Монголын цуутай бизнесмэнүүд"
1232,"Хөгжилтэй аргаар далбаагаа цээжилцгээе - 3"
1233,"Ихэр оршихуйн домог : 1-р боть Өнчин хүүгийн үлгэр"
1234,"Хүүхдийн хөгжил ба сэтгэл зүйн зөвлөгөө"
1235,"Илч бадарсан эeрэг үгийн охь"
1237,"Дурлалын өшөө авалт"
1238,"Сэтгэл гутрал ба сэтгэл зүйн зөвлөгөө"
1243,"Дөрвөн цагийн монголчууд"
1244,"Манайхны Монгол хэл"
1247,Хүрэлсүх
1248,"Мэргэн үгсийн чуулган 3"
1249,"Орчны эрүүл мэндийн тухай"
1250,"Муухай Монгол хүн"
1251,"Сурагчийн аюулгүй байдал"
1252,"Англи хэл сурахад учир бий"
1253,"Удирдагчийн 360 градус"
1254,"Хайртай учрах болно"
1255,"14-р хорих лагериас оргосон нь"
1256,"Үр сад"
1257,"Далайд хувилав"
1259,"Хөдөлмөрийн баатар Хүрээт"
1260,"Би эмэгтэй хүн"
1261,"Банкны эзний охин"
1262,"Ухаалаг ходоод"
1265,"Домогт хүрэн халзан"
1266,"Шинэч #1"
1267,"Багшийн мэргэжил дээшлүүлэх асуудал. Судалгааны тойм"
1268,"Цагийн менежмент"
1269,"Сэтгэх урлаг"
1270,"Нэгэн гэрийн житгэрүүд"
1271,Ром
1273,"Паанан 1"
1275,"Орчлонгийн үүсэл"
1278,"Миний дотор хэн байна"
1279,"Шинэч #2"
1280,"Нөлөөлөх ур чадвараа тэл"
1281,"Зан төлөвшлийн нүцгэн толь"
1282,"Өөрийгөө удирдагч болгон хөгжүүл"
1283,"Паанан 2"
1284,"Паанан 3"
1285,"Паанан 4"
1286,"Паанан 5"
1287,"Паанан 6"
1288,"Паанан 7"
1290,"Паанан 8"
1291,"Хөгжлийн тухай онолууд: Монголын хөрсөнд"
1292,"Удирдан манлайлах эрх"
1293,"“Содон заяа”"
1294,"Бүсгүй минь нар даган урга"
1295,"Амьдрал оргилд биш бэлд"
1296,"Энэтхэгийн уламжлалт философи - Монгол сонирхогчийн ойлгосноор"
1297,"Цоохор найз /Цуврал-1/"
1298,"Хурцлагдсан хувь заяа"
1299,"Хөрсний хүнд элементийн бохирдлын мониторингийн спектроскопийн ба олон хэмжээст статистикийн судалгаа"
1300,Мөрөөдөгч
1301,"Улаанбаатар хотын өнгөн хөрсөн дэх макро, микроэлемент, хүнд металлын судалгаа"
1302,"Ярих ур чадвараа тэл"
1303,"Хятадын богино шилдэг өгүүллэгүүд"
1305,Алхимичид
1306,"Том мөрөөдөл"
1307,"Армян, Азербайжаны мөргөлдөөний түүхэн шалтгаан"
1308,"Намайг өөрчилсөн 85 эмэгтэй"
1309,"Эрчүүд яагаад худал хэлж эмэгтэйчүүд яагаад орилж чарладаг вэ"
1310,"Санхүүгийн хямрал ба Холбооны нөөцийн банк"
1311,"Ногоон нүдэн лам"
1312,"Бодлын төөрөгдөл"
1313,"Бусдыг татах 25 арга"
1314,"Сонголт хийхээс өмнө"
1315,"Шөнийн ээлжнийхэн"
1316,"Гайхмаа гайхахаа больсон нь"
1317,"Жек Ма-гийн бүтээсэн Алибаба"
1318,"Хоосон төсөөлөл"
1320,"Сэтгэл залгигч хот"
1321,"Бодол биеллээ олдог"
1322,"Өөрчлөлтийг өөрөөсөө"
1323,"Цогт чандманийн эрэлд"
1324,"Бие сэтгэлийн билгийн рашаан-1"
1325,"Бие сэтгэлийн билгийн рашаан-3"
1328,"Сэтгэл хөдлөлийн чадамж"
1330,"Балжингарамын зун"
1332,"Миний эзний уушийн газар"
1333,"Номингоогийн хайр"
1334,"Залуу аялагчид"
1335,"Аминагийн дурлал"
1337,"Миний ертөнц"
1338,"Монголын эзэнт гүрэнд зорчсон нь"
1340,"Нууц арлын эзэд"
1341,"Тэмүүлэнгийн нөхөд"
1342,"Цасны баяр"
1343,ТЭМҮҮЛЭН
1349,"Стрессээ удирдахуй"
1350,"Би чамд хайртай 2"
1351,Хишигт
1352,"Болор өгүүллэгүүд"
1353,"Муу залуу"
1354,"Гүйж яваа эмэгтэй"
1355,"Ирээдүйн дурсамж"
1356,"20 жилийн дараа"
1357,"Эротик түүвэр I"
1358,"Эротик түүвэр II"
1359,"Эротик түүвэр III"
1360,"Хүүхдэд хөгжим сонсгож хөгжүүлэн хүмүүжүүлэх нь"
1361,"Хөх толботын номын тэмдэглэл"
1362,"Нар хүнээс манддаг"
1363,"Тусгаар тогтнолын түүх CD1"
1364,"Тусгаар тогтнолын түүх CD2"
1365,"Тусгаар тогтнолын түүх CD3"
1366,"Тусгаар тогтнолын түүх CD4"
1367,"Сайн уу, Би Корона байна!"
1368,"Эцэг эх байх нь галзуу хулганаар давхих мэт"
1369,"Р.Чойномын нүүрний хэв"
1370,"Сүмтэй бударын чулуу"
1371,"Оройгүй сүм"
1373,"Айсуй цэнхэр нутаг"
1375,Гэгээнтэн
1376,"Хүн өөрийгөө бүтээдэг"
1377,"Номын сангийн ном"
1378,"Самар хатан"
1379,"Дурласан эмэгтэй хамгийн хөөрхөн"
1380,"Эрвээхэй дэвсэн зун"
1381,"Өстний өвөрт"
1384,"Бөмбөгөр ногоон"
1385,"Тэргүүн хатагтай"
1386,"Сахиусан тэнгэрийн нулимс"
1387,"Гаслант усан дусал"
1388,"Мөхлийн эрин"
1389,"Талд ассан түймэр"
1390,Рэкет
1391,"Дэлхийн их хувьсгалын сүүдэрт"
1392,"Ээдрээт цагийн бичээс"
1393,"Дипломгүй саятан"
1394,"Хөзрийн хатан 1-р дэвтэр"
1395,"Хорвоотой танилцсан түүх I"
1396,"Хорвоотой танилцсан түүх II"
1397,"Яагаад ардчилал гэж?"
1398,"Гамшгийн үе дэх сэтгэлзүйн анхан шатны тусламж"
1399,"Жаран цагаан хонь I"
1400,"Хайрлагдсан эмэгтэйн зурвас 1-р дэвтэр"
1401,"Хайрлагдсан эмэгтэйн зурвас 2-р дэвтэр"
1402,"Тусгаар тогтнолын үнэ цэнэ"
1403,"Та эрчүүдийн соронз"
1404,"Манай ангийн Болдоо"
1405,"Хүссэн бүхнээ идээд тур"
1406,"Харц хатан"
1407,"Тагнуулч Одко вирустэй тэмцсэн нь"
1409,"Бүгд найрамдах улсын анхдугаар он"
1410,"Нүүдэл суудал"
1411,"Хувьсгал танаа өчье"
1412,"Форрест Гамп"
1413,"Гүн тайгын манан"
1414,"Цахарын хар шуурга"
1415,"Төгс бус байхын гайхамшиг"
1416,"Ид, Залбир, Хайрла"
1417,"Тэмдэглэлийн дэвтэр"
1420,"Чи бол догь амьтан"
1421,"Цагаан цувтай бүсгүй"
1422,"Чамд зориулав"
1423,Икигай
1424,"Хайрын тухай зүүд"
1425,"Цасан ширхэг"
1426,Анхдагчид
1427,"Зүүд сахигч"
1428,"Нүцгэн ирсэн, нүцгэн буцна"
1429,"Сүүжин ээмэгт Ксения"
1430,"Бүтээлч Моносчууд бүгдийг тэгээс"
1431,"Амьдралын урсгал"
1432,"Амжилтын арван алхам"
1433,"Өртэй хүн өөдөлдөг"
1434,Итгэл
1435,Харизм
1436,"Дөргөнэ хатны алтан зоос"
1437,"Хувцасны дизайн"
1438,"Эрдэнийн хүлэг оршвой"
1439,"Өдөр бүрийн талх 2021"
1440,"Алдартнуудын айлдсан онч мэргэн үгс"
1441,"Хавт Хасар"
1442,"Ижил мөрний зүг нүүсэн Ойрадуудын нүүдэл (XVII-XVIII зуун)"
1445,"Жаран цагаан хонь II-р хэсэг"
1446,"Тэд яаж Харвардад тэнцсэн бэ"
1447,"Бидний мэдэхгүй Линколн"
1448,"Мэргэжлээ сонгохуйн нууц"
1449,"Бүү саад бол"
1450,"Нийгэм-соёлын хүн судлалын удиртгал"
1451,"Долоон жилд эхний ТЭРБУМ-ыг олох нь"
1452,"Санхүүгийн эрх чөлөөнд хүрэх арга зам"
1453,"Тэр бөх хэний хэн бэ?"
1454,"Эмэгтэй хүний байшин"
1455,"Жаран цагаан хонь /БҮТЭН/"
1456,"Аянгат даваа"
1457,"Мэргэн галуу ба тэнэг мэлхий"
1458,"Их хайрын түүх"
1459,"Миний мэдэх ерөнхийлөгч Баттулга"
1460,"Нобелийн шагналтнууд"
1461,"Нобелийн шагналтнуудын айлдсан онч мэргэн үгс"
1463,"Сонгодог өгүүллэгийн дээжис 1"
1464,"Эх үрийн судар"
1466,"Үрийг хүмүүнжүүлэх судар"
1468,"Эхнэр хүмүүний хөтөч дэвтэр"
1469,"Байх гал"
1470,"Үүлэн хээтэй орчлон"
1471,"Сонгодог өгүүллэгийн дээжис 2"
1472,"Монгол жороо морь"
1473,"“Чүү чүү” хүүхдийн зурагт ном"
1474,"Сонгодог өгүүллэгийн дээжис 3"
1475,"Amla card- Миний гал тогоо"
1477,"Корона вирус ба эрүүл мэнд"
1478,"Бид нэг хэлээр харилцдаг уу"
1479,"Сонгодог өгүүллэгийн дээжис 4"
1480,"Сонгодог өгүүллэгийн дээжис 5"
1481,"Жүжиглэх ур чадвар"
1482,Минималист
1484,"Гишгэх газаргүй хөл"
1485,"Тасдаж үл болох сарнай"
1486,"Шпессарт дахь буурчийн газар"
1487,"Шинэ цагийн төлөвшил"
1489,"Амжилтын амьд соронз"
1490,"Сайн хаан Бат"
1491,Харанхуйд
1496,"Харийн тэнгэр"
1497,"Хөзрийн хатан 2-р дэвтэр"
1499,"Хайду хаан"
1500,"Морь унасан толгойгүй хүн"
1501,"Чингис хааны нууц түүх I"
1502,"Чингис хааны нууц түүх II"
1504,"Хөх чулууны шид"
1506,"Safety book 2016"
1507,"Монте Кристо Гүн 1-р боть"
1508,"Менежментийн психологи"
1510,"Усан доогуур 20000 бээр аялсан нь"
1511,"Насан туршдаа суралцахуй"
1512,"Венгерийн хувьсгал"
1513,"Эротик өгүүллэг 1"
1514,"Эротик өгүүллэг 2"
1515,"Атамааны эхнэр 1-р хэсэг"
1516,"Атамааны эхнэр 2-р хэсэг"
1517,"Социализмаас Капитализм руу"
1518,Ичиго-Ичие
1519,"Наад зангаа л больчих"
1520,"Хайрын ном"
1521,"Тулга хүү гараа угааж сурсан нь"
1522,"Хавь яваагүй гудамж"
1523,"Тэнэгүүдийн сургууль"
1524,"Мэргэжлээ зөв сонгоход тань"
1525,"Ном унших ном"
1526,"Амжилтад хүрэх гал эрмэлзэл"
1527,"Сурахад суралцах нь"
1528,"Өөрийгөө хөгжүүлье"
1529,"Өөрийгөө чөлөөл"
1531,"Social Studies"
1532,"Агуу Гэтсби"
1533,"Бизнесийн шинжилгээ"
1534,"Хэнри Форд “Миний амьдрал, миний амжилт”"
1535,"Монте Кристо Гүн 2-р боть"
1536,"Бөрттэй цагаан сарны доор"
1537,"Хөвөн хад"
1538,"Миний сэтгэл хөдлөлүүд"
1539,"Bad blood"
1540,"Судартай ногоон дэлхий дээр"
1541,Ялагсад
1542,"Юм юмнаасаа"
1543,"Даяарчлал ба түүний хохирогсод"
1544,"Бурхан багшийн сургаал"
1545,"Баавгайд зориулсан бурханы сургаал"
1546,"Амгалангийн уг"
1547,"Оюун судлахуйн найман бадагт хэмээх шастирын тайлбар"
1548,"Амьдралын тойрог"
1549,"Миний эх орон - Миний тоонот"
1550,"Жигжидийн Мөнхбат"
1551,"Англи хэл сурах аргачлал"
1552,"Үүл бид хоёр"
1553,"Халхын заяат харгуй минь"
1554,"Хулан бид хоёр"
1555,Шөнө
1556,"Ганцаар жаргадаггүй хорвоо"
1557,"Хуучин байшингийн цэнхэр нүдэн"
1558,"Уулын сүүдэр буухаар"
1559,"Хүн бүхэнд л нууц бий"
1560,"Сонгон шалгаруулалт"
1561,Цэцүүхэй
1562,"Намрын шөнийн зүүд"
1563,"Хүн бусын тэмдэглэл"
1564,"Өвгөдийн ярьсан явган шог, хууч яриа"
1566,"Монгол товчион түүхийн тайлал"
1567,"Өөрөөдөө эргэсэн нүүдэл"
1568,"Элс цас /тэргүүн  дэвтэр/"
1569,"Цэгц ба хар чоно"
1570,Арслан
1571,"Тэргэл саран"
1572,Тамга
1574,"Шаазгай алаг хорвоо"
1575,"Тоглоомын дүрэм"
1576,"Эрхэмсэг гарын үсэг"
1577,"Сайн уу, Айдас минь"
1578,"Багваахай гуниглах цаг"
1579,"Тод гэрэлтэх бүсгүй"
1580,Оточ
1581,"Аз жаргалын нууц"
1582,"Долоон өндөгтэй доголон шаазгай"
1583,Удвал
1584,"Хөтөвчинд сууж сурцгаая"
1585,"Би хэн болох вэ?"
1586,"Сонгодог хөгжим"
1587,"Сэтгэл зүйн байршил"
1588,"Миний үлгэрүүд"
1589,"Сүүдэргүй хүмүүс"
1590,"Эх хүн"
1591,"Цөн түрэх цагаар"
1592,Усгал
1593,Амарсанаа
1595,"Богд Зонхавын намтар"
1596,Ишүүжин
1597,"Аргасуу баатар"
1598,"Бяцхан чоно шүдний эмч дээр очсон нь"
1599,"Тагтан дээр"
1600,Сиддхарта
1601,"Таро хөзрийн гайхамшиг"
1602,"Мөнх тэнгэрийн хүчин дор амьдармуй"
1603,"Нархан минь"
1604,"Монте Кристо Гүн 3-р боть"
1605,"Амьдрал үзэсгэлэнтэй"
1606,"Амжилт болгон өөр өөр"
1607,"Чин Ван Ханддорж"
1608,"Аймхай элч"
1609,"Бүтэн нэр"
1610,"Хөх илдний нууц"
1611,"Ловон Бадамжунайн намтар"
1612,"Мял Богдын шавь Оточ Гамбовагийн намтар"
1613,"Хар нүдэн хөвгүүн"
1614,"Ирээдүйд үнэтэй мэргэжлүүд"
1615,"A Year to Remember"
1616,"Анна Каренина I"
1617,"Ядаргаа тайлж эрүүлжүүлэх цэгэн барианы аргачлал"
1618,"XX зууны Монголын түүхийг шинээр эргэн харахуй"
1619,"Миний мэдэх Язид ба Зинедин Зидан"
1620,"The Girl in My Mirror"
1621,"Хүний ганцын дууль"
1622,"Анна Каренина II"
1623,"30 өдөр 30 секс /1/"
1624,"30 өдөр 30 секс /2/"
1625,"30 өдөр 30 секс /3/"
1626,"30 өдөр 30 секс /4/"
1627,"30 өдөр 30 секс /5/"
1628,"Миний мэдэх Язид ба Зинедин Зидан (1-р бүлэг)"
1629,"Миний мэдэх Язид ба Зинедин Зидан (2-р бүлэг)"
1630,"ФРИЛАНС буюу хил хязгааргүй хөдөлмөрийн зах зээлд хэрхэн гэрээсээ ажиллах вэ?"
1631,"30 өдөр 30 секс /6/"
1632,"30 өдөр 30 секс /7/"
1633,"30 өдөр 30 секс /8/"
1634,"30 өдөр 30 секс /9/"
1635,"30 өдөр 30 секс /10/"
1637,"Хормогчоо тайлж хорвоотой танилц"
1638,"Марва хэлмэрчийн намтар"
1639,"Миний мэдэх Язид ба Зинедин Зидан (3-р бүлэг)"
1640,"Бос гэрэлт"
1641,"Алтан мутрын залуужуулах нууц жор"
1642,"Монголо гэдэг эрхэм"
1643,"Зөөлөн ай"
1648,"Эгэл амьдралын зам"
1649,Зогс-Микроб
1650,"Арьс арчлах бүтээгдэхүүний нууц"
1651,"Хүүхдийн санхүүгийн боловсрол"
1652,"EQ Боловсрол буюу харилцааны ур чадварын боловсрол"
1653,"Элс цас /дэд дэвтэр/"
1654,"Хамгийн багаас эхэл"
1655,"Бяцхан аялагч"
1656,"Хойт насандаа учирна"
1657,"Тогосын цөс"
1658,"Эрх чөлөө"
1659,"Уур минь хүрч байна"
1660,"No Filter: Инстаграмын бодит түүх"
1661,"Нойрны үнэ цэн"
1663,"Мэдэхэд илүүдэхгүй"
1664,"Гадаадад сурах гарц"
1665,"Хайр нандин"
1666,"Монгол-Англи цэвэр Америк аялгат ярианы сонсдог ном"
1667,"Ногун комик цуврал 2"
1668,"Нэг минутын менежер өндөр бүтээмжтэй баг бүтээсэн нь"
1670,"Амраг чоно"
1671,kids
1672,"Хүндэтгэсэн хэн нэгэн"
1673,"Ногун комик цуврал 3"
1674,"The Red"
1675,"Ногун комик цуврал 4"
1676,Босуул
1677,"Амьд уулс"
1678,"Насан туршдаа эзэмшихүй"
1679,"Ногун комик цуврал 5"
1680,"Нэг жижиг алхмаар амьдралаа өөрчлөх нь: Кайзен арга"
1681,"Ногун комик цуврал 6"
1682,"100 удаа оролд"
1683,"Хөрөнгө оруулалтын 10 дүрэм"
1684,"Ногун комик цуврал 7"
1685,"Ногун комик цуврал 8"
1686,"Энхийг эрхэмлэгч ээж"
1687,"Ногун комик цуврал 9"
1688,"Ногун комик цуврал 10"
1689,"Ногун комик цуврал 11"
1690,"Ногун комик цуврал 12"
1691,"Ногун комик цуврал 13"
1692,"Нөмгөн эр"
1693,"Монголын умард нутгийн буган хөшөөд"
1694,"Ногун комик цуврал 14"
1695,"Ногун комик цуврал 15"
1696,"Ногун комик цуврал 16"
1697,"Ногун комик цуврал 17"
1698,"Ногун комик цуврал 18"
1700,"Би Солонгос хүн"
1701,"Монтессорийн заах арга"
1702,"Ногун комик цуврал 19"
1703,"Ногун комик цуврал 20"
1705,"Барилгын ажил гүйцэтгэх гэрээ"
1706,"Чиний бүтээсэн би"
1707,"Хотол цагаан гүнж"
1708,"Монголын Нууц Товчоог шинээр эргэн харахуй Лекц 1-2"
1709,"Тогтуун байх нь гол түлхүүр"
1710,"Торгуудын Убаш хаан"
1711,"Үл номхрохуй"
1712,""ИОГ" Иогийн сурах бичиг"
1713,"Капитан Грантын хүүхдүүд"
1714,"Хүүхдийн аюулгүй байдлын цахим ном"
1715,"Санаанаас сая долларын стартап"
1716,"Mom Wow"
1717,"365 өдөр"
1718,"Гал ус"
1719,"Амьгүй албат нар"
1720,"Огул Хаймыш хатан"
1721,"Санхүүгийн философи"
1722,"Аз жаргал & Стресс"
1723,"Мэдээллийн дайны зэвсэг буюу сэтгэцэд нөлөөт үйлчлэл"
1724,"Шидэт цэцэг"
1725,"Аав байх арга ухаан"
1726,"Амжилттай ажиллах нь"
1727,"Хорвоог аргадах аялгуу"
1728,"Би том ах боллоо"
1729,"Би том эгч боллоо"
1730,"1001 шөнийн үлгэр"
1731,"Зуун жилийн ганцаардал"
1732,"Хатан ухаан"
1733,"Буддын бясалгал ба сэтгэл судлал"
1734,"F*ck you money"
1735,"Хорвоогийн өнгө"
1736,"Би цуврал алуурчин биш"
1737,kids2
1738,"Сэвэлзүүр салхи"
1739,"Мэрилэнд гудамжны эмэгтэй"
1740,"Санхүүч хэрэм - Анхны хуримтлал"
1741,"Санхүүч хэрэм - Арвич Нэрсхэн"
1742,"Санхүүч хэрэм - Мөнгө гэж юу вэ?"
1743,"Есөн зууны сонгодог бадгууд"
1744,"Монгол заяатан"
1745,"Солонгон хөндий"
1746,"Дэлхийд тэргүүлэх Япон үйлчилгээ"
1747,"Кихот ноён I"
1748,"Кихот ноён II"
1749,"Гүртэн 1"
1750,"Донтолт ба сэтгэл зүйн зөвлөгөө"
1751,Занабазар
1753,"Биднийг ивээгч Бурхад гараг"
1754,"Эсрэг 1"
1755,"Ухаалгаар төлсөн нь"
1756,"Эсрэг 2"
1757,Урвуу
1758,"Өвгөдийн жудаг"
1759,"Хурлийз бүсгүй"
1760,"Аллагын захиалагч"
1761,"Алтан хараацайн үлгэрүүд"
1762,"Амин долоон өндөгтэй алаг шаазгайн үлгэр"
1763,"Арсландай мэргэн хаан"
1764,"Залхуу хүү засралыг олсон үлгэр"
1765,"Муур, нохой, чоно, хүн болж үзсэн хулганы үлгэр"
1766,"Мэргэн оготны сургаал ба Заантай тулалдсан хулгана үлгэрүүд"
1767,"Сарьсан багваахайн үлгэрүүд"
1768,"Үхэл гэж юу вэ?"
1769,"Хүүхэд хүмүүжүүлэх манжин арга"
1770,"Бүсгүй зөн сэрэхүй"
1771,"Алсын харгуйт зам"
1772,"Бовари хатагтай"
1773,"Шидэт Монгол үлгэрүүд"
1774,"Монголчуудын тэнгэр үзэл, тэнгэр шүтлэг"
1775,"Сэтгэлийг анагаах өөрчлөлтүүд"
1776,"Карамазовын хөвүүд"
1777,"Нүцгэн дууль 1"
1778,"Иллиной гудамж дахь 15 хором"
1779,"MOST 20 - Хотулун гүнж"
1780,"Болдоггүй бор өвгөн"
1781,"Галзуу шуламнууд"
1782,"Цуутай Цагааны түүх"
1783,Шарилж
1785,"Эрхий мэргэн"
1786,Стратегич
1787,purchase-test
1788,"Дур тачаалын эрэлд"
1789,"Цэцэгтэй залуу"
1790,"Теломерийн нөлөө"
1791,"Үлисс I"
1792,"Үлисс II"
1793,"Essays to Inspire"
1794,"Цагаан бороо"
1795,"Өөрийгөө бүтээ"
1796,"Мөнгөний дайн"
1797,"Мастер, Маргарита хоёр"
1798,"Модтой дэлхий"
1799,"Power BI дээр тайлан, дашбоард бэлдэх"
1800,"Жир биш... /өгүүлсэн шүлэг, товчит бичвэрүүд/"
1801,"Жир биш... /богино өгүүллэгүүд/"
1802,"Оюуны дасгалжуулалт"
1803,"Иогийн сэтгэлээр сонгуульд"
1804,Хэзээ
1806,"Жаран хоног "Жаран"-ы бутархай"
1807,Ховс
1808,"Лхүмбийн хэрэг 1"
1809,"Лхүмбийн хэрэг 2"
1810,"Лхүмбийн хэрэг 3"
1812,"Өглөөний гайхамшиг"
1813,"Нам гүм"
1814,"Гурван нас хүрэхэд оройтно"
1815,"Хятад 388 ханз"
1817,"Гринч зул сарыг хулгайлсан нь"
1818,"Амжилт өөд"
1819,"Хүдэнт хангайн уулс 2"
1820,"Яруу найргийн үдэш. Poetry Night Vol.1 - 1р хэсэг"
1821,"Яруу найргийн үдэш. Poetry Night Vol.1 - 2р хэсэг"
1822,"Азгүй жаалуудын адармаатай түүхүүд - 1"
1823,"Азгүй жаалуудын адармаатай түүхүүд - 2"
1824,"Агуу хайр"
1825,"Амьтдын бяцхан толь 1"
1826,"Бүсгүй минь, нүүрээ угаа"
1827,"Амьтдын бяцхан толь 2"
1828,"Нойр хулжаам сансар огторгуй"
1829,"Шийдэл үргэлж байдаг"
1830,"Биеэ үнэлэгчийн өдрийн тэмдэглэл"
1831,"Хөөрөх мөч"
1832,"Үнэний хорвоо"
1833,"Монгол Улсын төсвийн хөрөнгө оруулалт, бүтээн байгуулалт 1911-2011 онд"
1834,"Нүүр тулдаг найз"
1835,"Монгол Улсын төсвийн хөрөнгө оруулалт, бүтээн байгуулалт 2011-2021 онд"
1836,"Шударга ёсны лекц 1"
1837,"Гүртэн 2"
1838,"Шударга ёсны лекц 2"
1839,"Онцлох чадвар: Бүтээлч байдал"
1840,"MOST 19 - Хүсэл тэмүүллийн цэнэг"
1841,"Аз жаргалтай өдрүүд"
1842,"Сонгох чадамж"
1843,"Монголд болсон аймшигт явдлууд 100"
1846,"Зовлонгоор бус зорилгоор удирдуул"
1847,"Дурлахыг хориглоно"
1848,"Борхүү, бор ишиг хоёр"
1849,"Улаан могой"
1850,"Энгэр задгай орчлон"
1851,"Бизнес өрөг - Эргэлт хийх боломж"
1852,"Сар, дэлхий хоёр"
1853,"Карма - Учир шалтгаан, үйл үрийн ном 1-2 боть"
1854,"Тарваганы дууль"
1855,Өгүүллэгүүд
1856,"Бүсгүй минь, уучлал гуйхаа боль"
1857,"Соёлын өвийн хадгалалт хамгаалалтын шинжлэх ухаан"
1858,"Бондын хаан"
1859,"Өөртөө саад бүү хий"
1860,"Боловсролын байгууллагын хөгжил"
1861,"Цагаан чоно"
1862,"Өдөр бүрийн талх 2022"
1863,"Шинэ хувьсгал"
1864,"Голдман Сакс - Амжилт дагуулсан соёл"
1865,"Бид ингэж ярьдаг"
1866,Энхрий
1867,Нууцхан
1868,"Усны гудамж"
1869,"Би их уулын эрх хүү"
1870,"Сүбээдэй баатар"
1871,"Дижитал минимализм"
1872,Халдвартай
1873,"Байдраг голын усан"
1875,"Эх газрын чулуу I"
1876,"Шийдвэр хэрхэн гаргах вэ?"
1877,"Төрийн захиргаанаас Нийтийн удирдлагад"
1878,"Эх газрын чулуу II"
1879,"Үрэвслийг эмчлэх нь"
1880,"Үхлийн хот"
1881,"Хариулт дотор бий"
1882,"Үгүй гэж хэлэх урлаг"
1883,"Үхлийн сутра"
1884,Анарваан
1885,"Хүүхдийг эх захтай болгох нь"
1886,"Амьтны хүрээлэнд"
1887,"Ураг удмын журам"
1888,Жолита
1889,"Хориотой бүс"
1890,"Цагаа олдог нигүүлсэл"
1891,"Нийгэм судлал - ЭЕШ"
1892,"Ээж 1% өөрчлөгдөхөд хүүхэд 100% өөрчлөгдөнө"
1893,"Уянгын туужууд I"
1894,"Аз жаргалтай хүүхдийн 7 дадал"
1895,"Хайртай хүндээ хайртай"
1896,"Эрүүл мэндийн салбарын хөгжил хөтөлбөр 4, 4+ төсөл"
1897,"Дур булаам эмэгтэйн 10 нууц /Нэгдүгээр дэвтэр/"
1898,"Дур булаам эмэгтэйн 10 нууц /Хоёрдугаар дэвтэр/"
1899,"Дөрвөн хэлцэл"
1900,"Монголын Аялал жуулчлалын 333 газрын байршил /GPS солбицол/"
1901,"Манлайлагчид сүүлд нь иддэг"
1902,"Гойд ухаалаг хүүхэд"
1903,Зэрлэг
1904,"Тойрогт мөчлөг"
1905,"Эхнэр залбирсны ачаар"
1906,"Бидний мэдэхгүй амьдрал"
1907,"Ганц зүйл"
1908,"Үр хурмастын өмнө"
1909,"Амьдрал минь өөрөө КИНО"
1910,"Нэгэн зуны явдал"
1911,"Гайхамшгийн томьёо"
1912,"Өлөн чонын улиан"
1913,"Нөхөр залбирсны хүчээр"
1914,"The Walk to Aphorism"
1915,"Ази хоолны дэглэм"
1916,"Таван минут"
1917,"Чойрын чөтгөр"
1918,"Аав ээж залбирсны ачаар"
1919,"Гүн үйл"
1920,"Франц бүсгүйчүүд таргалдаггүй"
1921,"Энгийн кето"
1922,"Тархиа өөрчилж, Амьдралаа өөрчил"
1923,"Тэмцэж туулсан 2 жил"
1924,"Хул намрын араншин"
1925,"Essentialism: Цөөнийг үйлдэх зарчим"
1926,"Адуу манаж хонохсон"
1927,"Сэтгэлийн цагаан суварга"
1928,"Сэтгэл судлал, сонгодгууд"
1929,"Жижигхэн хүмүүсийн том ертөнцөөр"
1930,"Сайн эцэг эх байх тийм ч хэцүү биш"
1931,"Хүүхэд бүр өөр өөрийн замаар гэрэлтдэг"
1932,"Тэнгэрийн таван элч"
1933,"Ойн хүрээний долоон үлгэр"
1934,"Домогт Ану хатан"
1935,Амьдрал
1936,"Хилийн чанадад"
1937,Хорсол
1938,"Шидэт Монгол үлгэрүүд 2"
1939,Хүдэн
1940,"Хорт хавдрын эсрэг - Амьдралын шинэ хэв маяг"
1941,"Super IQ Maths"
1942,"Super IQ Maths - Teacher's guide"
1943,"Ухаалаг утасны зомбинууд"
1944,"Парисын дар эхийн сүм"
1945,"Мөрдөгч хүүхдүүд"
1946,"Эхнэрийн эрэлд"
1948,"Аниргүй хотхон"
1949,"Би ДОХ-той"
1950,"Будант цадиг"
1951,"Амсхийх завгүй"
1952,"Айн Жалудын цавчилдаан"
1953,Дуугай
1954,"Фэн Шуй"
1955,"Аура & Карма"
1956,"Бурханы шашин ба Танин мэдэхүй - Боть 1"
1957,Түнэр
1958,"Ээжүүдийн нүцгэн үнэн"
1959,"Азгүй жаалуудын адармаатай түүхүүд - 3"
1960,"Дөлгөөн Дон I"
1961,Factfulness
1962,"Өглөөний гайхамшиг: Оюутан"
1963,"Янаг бүсгүйн захидал"
1964,"Амьдралд давтагдашгүй аялал"
1965,"Өөдрөгт суралцацгаая"
1966,"Гутрал гудбай"
1967,Гонгор
1968,Малала
1969,"Гаж түүхүүд"
1970,"Хаулын нүүдэг цайз"
1971,"Системийн сэтгэлгээ"
1972,"Шидэт ой"
1973,Мятаршгүй
1974,"Бумбардай-1 Аргалд явсан нь"
1976,"Манлайллын шилжилт"
1977,"Дээд боловсролын онол, арга зүй (Тэргүүн дэвтэр)"
1978,"Дээд боловсролын онол, арга зүй (Дэд дэвтэр)"
1979,"Япон блюз"
1980,"Өөрчлөлтийн удирдлага"
1981,"Бид эрчүүдийг хүснэ"
1982,Сахиул
1983,"Дөлгөөн Дон II"
1984,"Чингис хаан тэнгэрийн зарлиг"
1985,"Хаан түүх I"
1986,"Хаан түүх II"
1987,"Хаан түүх III"
1988,"Шөнө дундын бүжиг"
1989,"Өвгөдийн цадиг"
1990,"Сэтгэлд харвасан туяа /Сонсдог кино/"
1991,"Таны хүү залхуу биш"
1992,"Ухаалаг жолооч"
1993,"Хайрлах урлаг"
1994,"Дээд боловсролын онол, арга зүй (Гутгаар дэвтэр)"
1995,"Хөрөнгийн арилжааны гарын авлага"
1996,"Монголчуудын хоол зүйн уламжлал, шинэчлэл"
1997,"Сургамжит түүхүүд 1"
1998,"Хорсол 2 ба Тамын амьдрал"
1999,"Цагаа удирдаж, амьдралаа удирд"
2000,"Эгэл Рич"
2001,"Магистр, докторын судалгааны ажлыг хэрхэн гүйцэтгэх вэ?"
2006,"Миний шүүгээнд"
2007,Сөргөөн
2008,"Алдагдсан цаг хугацаа"
2009,"Зүрх сэтгэл I"
2010,"Керри эгч"
2011,"Миний тусгал"
2012,"Их хямралаас өмнө"
2013,"Бяцхан жонон"
2014,"Өндөр бүтээмжтэй өсвөр насныхны 7 дадал"
2015,"Өөрөөрөө байх шиг сайхан зүйл гэж үгүй"
2016,"Би том болоод"
2017,"Юм бүхэнд өөрийн гэсэн байр бий"
2018,"Самархан ба самартай бялуу"
2019,"Цэцэгхэн ба амтгүй жигнэмэг"
2020,"Хушгахан төгс шүлэг бичсэн нь"
2021,"Майга бор ба түүний өвөө"
2022,"Нууцат арал"
2023,"Аз жаргалтай хүүхдийн 7 дадал (2-8 нас)"
2024,"Сондгой цагаан сувд"
2025,"Зөвлөх урхи"
2026,Аалз
2027,"Аниргүй хайрханы хүүрнэл"
2033,"Арван таван наст Капитан I"
2034,"Будаагаар хийх амтат хоол"
2035,"Гоймонгоор хийх амтат хоол"
2036,"Талх, нарийн боов, жигнэмэг, дессерт"
2037,"Орчлонгийн элдэв сонин"
2039,"Стори Брэнд бүтээх нь"
2040,"Зүрх сэтгэл II"
2041,"Гэмт хэргийн ертөнц"
2042,"Чөтгөр л биш бол..."
2043,"10% илүү аз жаргалтай"
2044,"Солонгон хүү"
2045,"Өөрийнхөөрөө дур тавь"
2046,"Дөлгөөн Дон III"
2047,"Хоол ба хэвшмэл төөрөгдлийн тайлал"
2048,"Арван наймтын золбоо"
2049,"Ээж өөрийгөө чагнасан өврийн тэмдэглэл"
2050,"Шоовдор хүмүүс"
2051,"Гэрэл зураг авахуйн тухайд"
2052,Лоракс
2053,"Малалагийн шидэт харандаа"
2054,"Малгайтай муур"
2055,"Ногоон өндөг ба ногоон хиам"
2056,"Чиний ирээдүй хичнээн сайхан гээч"
2057,Хайрцаг
2058,"Хонхон шил"
2074,"Дөлгөөн Дон IV"
2075,"Хятадын домог үлгэр"
2076,"Аядуу тайван ахуйдаа л бидний анзаардаг зүйлс"
2077,"Хоосон гуниг"
2078,"Мөхлийн эрин 4-р бүлэг"
2079,"Райтын ах дүүс"
2080,"Дэвшилтэт Стартап"
2081,Өөр
2082,"Сэнтий түшсэн хатад /аудио/"
2083,Эргүүлэг
2084,Өөрчлөгч
2085,"Орчин үеийн ёс зүй"
2118,"Хоёрын хооронд хэлэлцээр хэзээ ч бүү хий"
2119,"Бид хаанаас ирсэн бэ?"
2120,Монт-Ориол
2121,"Хөх шуурга"
2122,"Хар Хадаан баатар"
2123,"Амьд бус амьдрагсад"
2139,"Хөзрийн хатан 3-р дэвтэр"
2140,"Жийдаан Богдын намтар 1-р боть"
2142,"Эсрэг 3"
2143,"Шуламсын цалам"
2144,""Нармай Монгол"-изм-/"Панмонголизм"/-ын хэрэгт хэлмэгдсэн монголчууд /1937-1941/"
2145,"Данс нь хэзээ ч "0" заадаггүй эмэгтэй"
2169,"Дэлхийн Монголчуудын түүх I боть"
2170,"Хулгайн хэргийн адармаа"
2171,Хагацашгүй
2172,"33 насандаа CEO болох аргачлал"
2173,"Эмнэлзүйн сургамжтай тохиолдлууд"
2174,"Эмнэлзүйн ховор тохиолдлууд"
2175,"Эгэл амьдрах ухаан"
2176,"Сүүжин ээмэг"
2177,"Нэр нэгтний хоёр үхэл"
2178,Ганцаардаагүй
2182,"Байтаг Богдын нүргээн"
2186,"Summary 99 - Амьд үлдэх шалтгаанууд"
2187,"Summary 100 - Өдөр тутмын эд зүйлсийн загвар"
2189,"Summary 102 - Интернэт дэх хэл"
2191,"Summary 104 - Хэрхэн найзуудтай болж бусдыг байлдан дагуулах вэ"
2192,"Summary 105 - 'Амазон' мятаршгүй юу"
2193,"Summary 106 - Та хэн нэгэнтэй ярилцах хэрэгтэй байх"
2194,"Жагарын их бандида Паадамбын намтар оршив"
2195,"Мунхагаас гэтэлж уураа номхотгосон минь"
2196,"Компани бол хүн"
2197,"Бүхий л зүйлс арилан оддог"
2198,"Ээлжийн харуул"
2199,"Гажиг тахил"
2200,"Summary 107 - Алхам алхмаар"
2201,"Summary 108 - Бизнесээ эхлэхийн өмнө хамгийн чухал цорын ганц зүйлээ СОНГО"
2203,"Summary 110 - Хийж буй зүйл тань таныг илтгэнэ"
2204,"Өнгө ба имижийн сэтгэл зүй"
2205,"Чөтгөр л биш бол... 2"
2206,"Чингис хааны удмын Далай лам"
2207,"Чингис хаан: Өнөөгийн Монгол Улс & Монголчууд"
2208,"Монголын Нууц Товчоог шинээр эргэн харахуй Лекц 3"
2211,"Дөлгөөн Дон /Тавдугаар дэвтэр/"
2216,"Бүргэд тэнгэрт хальдаг"
2224,"Дорнын нууц хот"
2237,"'А' роман"
2238,test
2239,"Summary133-Ядуу эдийн засаг"
2242,Summary136-Шинэчлэгчид
2245,"Summary139-Соёлын газрын зураг"
2266,"1-р байр Усгүй амьдралыг төсөөлөөд үз, тэгвэл гүнээсээ хайрлаж чадна"
2267,"2- р байр Амьдрах боломж хоёрхон хувь"
2268,"3-р байр 'Жорлон'-гийн ус уусаар байх уу"
2269,"4-р байр Гүний усаа гүнээсээ хайрлая"
2270,"Амин усаар аялал жуулчлалыг усалъя"
2271,"Мартахуйн сул усан жирэлзэнэ"
2272,"Миний очсон говь"
2273,"Усаа хэмнэх залуусын "Хайр""
2274,"Үндэсний баялаг"
2275,"Хайртай учраас хэвшүүлэх ХОЁРХОН дадал"
2276,"Хөл дор амьдрал, хөрсөн дор амь бий"
2283,"Амьд бус амьдрагсад 2"
2290,"Гүндүүтэй Монгол эр"
2291,"Уулын үер"
2301,"Summary180-Өөрийгөө дахин бүтээ"
2305,"Зургадугаар сарын цас"
2306,"Гурван улсын үлгэр 1-р боть"
2307,"Гурван улсын үлгэр 2-р боть"
2308,"Бумбардай-2 Борцны хулгай"
2309,"Бумбардай-3 Нүүдэл айсуй"
2310,"Бумбардай-4 Чулуун тоглоом"
2311,"Бумбардай-5 Саалийн цаг"
2312,"Бумбардай-6 Сүүн цацал"
2313,"Гурван улсын үлгэр 3-р боть"
2314,"Консуэло I"
2315,Чөнс
2316,"Арвангуравдугаар зуун"
2317,"Сургууль судлал"
2318,"Өөрийгөө хянаж сурахуйн ухаан"
2319,"Аяга бол халбаганы гэр"
2320,"Чулууны хэл"
2321,"badral test"
2322,"Зорилго бүр дуусах хугацаатай"
2323,"Үлгэр дуустал хайрлана"
2324,"Гучин долоо"
2325,Эмгэн
2326,"Минимализм бид хоёр"
2327,"4 биш 4"
2328,Сэжигтэн
2329,"Хойд эх"
2330,"Өдөр бүрийн талх 2023"
2331,"Хонгор минь"
2332,"Өв залгамжлагчид"
2333,"Дүрэмгүй байх дүрэм"
2334,Яс
2335,"Хайрын тангараг"
2336,"Сургалтыг идэвхжүүлэх 101 арга"
2337,"Бусдын сексийг битгий шүү"
2338,"Хүссэн жиндээ хүрэх арга"
2339,"Аниргүйн шивнээ"
2341,Согоомаа
2342,"Сүнстэй өнгөрүүлсэн гурван шөнө"
2343,"Гэрлэж амжаагүй бүсгүй танд"
2344,"Мянган нарны цацраг"
2346,"Цаасан шувуу наадуулагч"
2347,"Кикигийн хүргэлтийн үйлчилгээ"
2348,"Аз жаргалын скандинав хөтөч"
2349,"Би хэн юм бэ?"
2350,"Үлгэр дуустал хайрлана /аудио/"
2351,Лянхуа
2352,Хөргөгч
2353,"Сүүлчийн  хүч"
2354,"Шуургатай шөнө"
2355,Хорсол
2356,"Цогцос  чангаагч"
2357,"Хар цэцэг"
2358,"Цахилгаан  шат"
2359,Зоорь
2360,Алиалагч
2361,Мессеж
2363,"Фреддитэй өнгөрүүлсэн таван шөнө 1"
2364,"Фреддитэй өнгөрүүлсэн таван шөнө 2"
2365,Есөн
2366,Шулам
2367,"Шулмын инээд /БҮТЭН/"
2368,"100 Шарк"
2369,"Сургуульд заалгаагүй эрдэм"
2370,"Биелсэн мөрөөдөл"
2371,"Өрнө фронтод сонин гойд юмгүй"
2372,"Тэнгэрийн улаач"
2373,"Тэнгэр зайран"
2374,"Цасан нулимс"
2375,"Өвөөтэйгөө уулзахаар явсан нь"
2376,"Харвардад тэнцүүлсэн шилдэг 50 эсээ"
2377,"Тэнгэрийн ташуур"
2378,"Тэнгэрийн зарлиг"
2380,"Холын ажаач Жунсо"
2381,"Харанхуй сургууль"
2382,"Сүүлчийн аялал"
2383,Худаг
2384,"Ши /БҮТЭН/"
2385,"Хээрийн юм"
2387,"8км 400м"
2388,"Нулимс дуусаагүй цагт..."
2389,"Ойд бүгсэн сүнс"
2390,"Хайрлуулах хувь үгүй нэгэн"
2391,"Мухрын өрөө"
2392,"Хар хөх эмэгтэй"
2393,Хөшиг
2394,"Шөнийн гийчин"
2395,"Есийн нэг. ЗэлМэ жанжин"
2396,"Сүүдэрт гэтэх албин"
2397,"Бүсгүйчүүд ургуулан бодолтоосоо чөлөөлөгдөх нь"
2398,Мэргэн
2399,Зүрх
2400,"Үүрийн гийчин"
2401,"Чөтгөрийн бясалгал"
2402,"Миний мэдэхгүй З. Энхболд"
2403,"Нүцгэн дууль 2"
2404,"Монголын Алтан ордны улсын цэргийн түүх"
2405,"Буддагийн програмчлал"
2408,"Сахилга зөрчигч"
2409,"Хирагана Катаканаг Хиаруул"
2410,"Бүсгүй галбир"
2411,"Японы Мэйжигийн үеийн гадаад бодлого"
2412,"Хар гар"
2413,"Үхмэл тосгон"
2414,Савлуур
2415,"Өнчин мод"
2416,"Хар дэвтэр"
2417,"Хар ном /БҮТЭН/"
2418,"Дотно хоолой Эротик өгүүллэг 1"
2419,"Амьдрал үргэлжилнэ"
2420,"Эр хүн уйлах эрхтэй"
2421,"Дархлагдсан омгийнхон"
2422,"Саятан болох хурдны зам"
2425,"Summary 190 - Атомын зуршил"
2426,"Эрүүл амьдрах Энгийн аргачлал"
2427,"Жижиг бизнесийн жинхэнэ санаа"
2428,"Завсарлагатай мацаг"
2429,"Бидний эрхэмлэх ёс"
2430,"Хэен хуар"
2431,"Хүн болох урлаг"
2432,"Тамын бослого"
2433,"Тамын бослого"
2434,"Орон зайн галбир"
2435,"Зулзагалсан мичид"
2436,"Эсрэг 4"
2439,"Фреддитэй өнгөрүүлсэн таван шөнө 3"
2441,"Хэлмэгдсэн омгийнхон"
2442,"Хорин нэгэн хөрөг"
2445,"Summary 195 - Энэ бүхэн танаас эхлээгүй"
2447,"Бяцхан Чандманийн түүх"
2448,"Орцны аялгуу"
2449,"Бяцхан хунтайж"
2450,"Бэмби ба ойн амьтад"
2451,"Бяцхан дэгдээхэй, гавар хоёрын үлгэр"
2452,"Аз жаргал бүтээгч"
2453,"Шөнө дундын номын сан"
2454,Банхар
2455,"Зоорь II"
2456,"Эцсийн хөрөг"
2457,"Үл мэдэх газраас..."
2458,Галаа
2459,Хүүхэлдэй
2460,"Зоорь II /БҮТЭН/"
2461,Өвөлжөө
2463,"Бурханы шувуу"
2464,"English Powered"
2465,"Хатангуу амьдралын орчил"
2466,Алхимич
2467,"Түүнийг гэх дурсамж"
2468,Бэлэг
2469,"Гаж ертөнцийн түүхүүд 1"
2470,"Гэртээ буцаж ирсэн нь"
2471,Үсчин
2472,"Хажуу өрөө"
2473,Шившлэг
2474,"Тэр юм"
2475,"Эвдэрхий цаг"
2476,"Үйлийн хайч /БҮТЭН/"
2478,"Van Deusen Blue"
2479,"Энэрэлгүй хорвоо"
2481,"12 ноот"
2484,Бэлзэг
2485,"Хан хөвүүний цурхираан"
2486,"Хотжилт I /БҮТЭН/"
2490,"Мах уу? Шөл үү?"
2491,"500 эерэг өгүүлбэр"
2492,"Лото хожигч"
2493,"Хүүхдийн шилдэг үлгэрүүд"
2494,"Очир сэтгэл"
2495,"Аллэн Каррын тамхинаас гарах хялбар арга"
2496,"Хотжилт I - 1, 2"
2497,"Хотжилт I - 3"
2498,"Хотжилт I - 4"
2499,"Хотжилт I - 5"
2500,Үр
2503,"Завгүй хүмүүст зориулсан астрофизик"
2507,Өдөөгч
2508,"Шинэ зууны шилмэл зохиолууд I"
2509,"Шинэ зууны шилмэл зохиолууд II"
2510,"Гүртэн 3"
2511,Удам
2512,"Аз жаргалын зөрлөг"
2513,"Мөрөөдлийн хязгаар буюу Дофамин"
2514,"Үйлийн үр захиалагч"
2515,"Ирэх буцахын учрал"
2516,"Хатгалын тэмдэглэл"
2517,Анидча
2518,Верити
2519,"Монголын нууц товчоо"
2520,"Архангай аймаг"
2521,"Баян-Өлгий аймаг"
2522,"Баянхонгор аймаг"
2523,"Булган аймаг"
2524,"Говь-Алтай аймаг"
2525,"Говьсүмбэр аймаг"
2526,"Дархан-Уул аймаг"
2527,"Дорноговь аймаг"
2528,"Дорнод аймаг"
2529,"Дундговь аймаг"
2530,"Завхан аймаг"
2531,"Орхон аймаг"
2532,"Өвөрхангай аймаг"
2533,"Өмнөговь аймаг"
2534,"Сүхбаатар аймаг"
2535,"Сэлэнгэ аймаг"
2536,"Төв аймаг"
2537,"Увс аймаг"
2538,"Ховд аймаг"
2539,"Хөвсгөл аймаг"
2540,"Хэнтий аймаг"
2541,"Хар чихт цагаан Бим"
2542,Тахил
2543,Хиймэл
2544,Цүнх
2545,"Төгс үйлчилгээ"
2546,Хөрш
2547,"666 /БҮТЭН/"
2548,"Гүн тайвшрал"
2549,"Гольф сонирхогчдын гарын авлага"
2550,"Коби Брайант"
2551,"Стефен Көрри"
2552,"Холбон тоглогчид"
2553,Сахар
2554,"Ойн дундах асрамжийн газар"
2555,"Харанхуй хутга"
2560,"Эерэг өглөө бясалгал"
2561,"Хөх тавилан"
2562,"Канад улсад зорчих аялалын визэнд хэрхэн хандах вэ?"
2564,"Дээд математикийн язгуур үндэс Боть 1"
2565,"Дээд математикийн язгуур үндэс Боть 2"
2566,"Дээд математикийн дасгал бодлого"
2567,"Алгебр ба топологийн лекцүүд"
2568,"Шугаман алгебр ба геометр"
2569,"Дээд алгебрын курс"
2570,"Шугаман алгебрын элемент ба аналитик геометр"
2571,"Магадлалын онол, математик статистик"
2572,"Комплекс хувьсагчийн функцийн онол /дахин хэвлэлт/"
2573,"Нэг хувьсагчийн функцийн комплекс анализ /дахин хэвлэлт/"
2574,"Тооцон бодох математик 1-р дэвтэр"
2575,"Тооцон бодох математик 2-р дэвтэр"
2576,"Дифференциал тэгшитгэл"
2577,"Тооцон бодох математикийн бодлогын хураамж"
2578,"Онолын физикийн лекц №1"
2579,"Онолын физикийн лекц №2"
2580,Термодинамик
2581,"Статистик физик"
2582,"Квантын механик"
2583,"Ерөнхий органик биш хими"
2584,"Органик химийн бодлого дасгалын хураамж"
2585,"Аналитик химийн дадлагын ажлууд"
2586,"Физик хими Химийн тэнцвэр ба кинетикийн үндэс, 2-р хэвлэл"
2587,"Биеэ үнэлэгчийн өдрийн тэмдэглэл 2"
2589,"Хүрэл баганын уналт"
2590,"Хүний энергийн систем - өвчлөл, эмчилгээ"
2591,"Электроникийн үндэс"
2592,"Омотэнаши зочлох үйлчилгээний япон хэл"
2593,"5 Секундийн дүрэм"
2594,"ВИЧЕР - Сүүлчийн хүсэл"
2595,"Чөтгөр л биш бол... 3"
2596,"Эдүүн Дэгдүүн 2: Дүүтэй болсон нь"
2597,"Нар хүнээс манддаг 2-р дэвтэр"
2598,"Чин бишрэлт хатан"
2599,"Санаснаас ч илүү"
2600,"Түүхий илд"
2601,"Шийдвэр гаргалт"
2602,"Хөзрийн хатан 4-р дэвтэр "Хайртай учирсан нь""
2603,"Ажлын дүрэм"
2604,"Улаан могой 2: Хөх лууны гэрэл"
2605,"Хүйтэн тууж"
2606,"Биеэ үнэлэгчийн өдрийн тэмдэглэл 3"
2607,"Байрны найз"
2608,Өвөө
2609,Реалтор
2610,"Есөн хуруу / Хөрш-2 /"
2611,Чөтгөр
2612,"Гал /БҮТЭН/"
2613,"Миний л үнэн"
2614,"Нүүрсний тавин тав"
2615,"The Vagina Bible"
2616,"Ховдоос Харвард руу"
2617,"Би итгэсэн болохоор"
2618,"Зовлонт амрагуудаа дурсахуй"
2619,"Хорсол 3 ба Хохирогч"
2620,"Хэвтэж буй хүн  1"
2621,"Хэвтэж буй хүн 2"
2622,"Мөнгөн ембүүний нууц"
2623,"Худалдааны маркетинг: Процессын удирдлага, боловсруулалт, тооцоолол"
2624,"Гулливерийн аялал"
2625,"Өгүүлэх ухаан"
2626,"Хөх Монголын хөх туг"
2627,"Маршал Х.Чойбалсангийн намтар"
2628,"Хүүхдээ ойлгох ном"
2629,Нүдэнгоо
2630,"Хувцасны шүүгээ"
2631,Толь
2632,"Гашуун ч амттай"
2633,Төвөггүй
2634,"Ял тулгасан замбуулин"
2636,"Толгойд нуугдах чөтгөр"
2637,"Хурдацтай амжилт"
2638,"Эрвээхэйн сүнс"
2639,"Алтан загасны үлгэр"
2640,"Гуталт муур"
2641,"Араатан ба Гоо үзэсгэлэн"
2642,"Бяцхан лусын дагина"
2643,"Нугасны муухай дэгдээхэй"
2644,"Өнчин цагаан ботго"
2645,"Царцаа шоргоолж хоёр"
2646,"Цуутын цагаагч гүү"
2647,"Цэцэн бэрийн үлгэр"
2648,Цэцэнхүү
2649,"Чоно ба долоон ишиг"
2650,"Шатарчин хүү"
2651,"Эгч дүү хоёр"
2652,"Эрхийн чинээ хүү"
2653,"Ядуу эр хаан хоёр"
2654,"Ямх охин"
2655,"Мөхлийн эрин 5-р бүлэг"
2656,"Сүбээдэй баатар 2"
2657,"Хүсэл хяслын заагт"
2658,"Би өөрөө бурхан"
2659,Нууцууд
2660,"Хэлхээгүй сувд (дуусаагүй тууж), өгүүллэгүүд"
2661,"Муу санаа эзнээ отно"
2662,"Арсландай мэргэн"
2663,"Бар хүн хоёр"
2664,"Долоон ногоон өндөгтэй Доголон шаазгай"
2665,"Мэлхий гүнж"
2666,"Царцаа Намжил"
2667,"Үүлэн Бор"
2668,"Сайн уу? Хамгийн сайн хувилбар минь"
2685,"Мөрөөдөгч 2"
2686,"Амазон шиг сэтгэ"
2687,"Анне Франкийн өдрийн тэмдэглэл"
2688,"Чөтгөр тонилгогч"
2689,"Есөн араншин"
2690,"Өнчин цагаан ботго"
2692,"Хүчтэй сэтгэл зүйтэй хүмүүсийн хийдэггүй 13 зүйл"
2694,"Бодлын цүнхээл"
2695,"Хаалганы цаадах намар"
2696,"Өсвөр насны охид: Тэд юуг мэдэхийг хүсдэг вэ?"
2697,"Хятад сүнс"
2698,"Цагаан нөмрөг"
2699,"Чөтгөрийн бүжиг 12/32"
2700,"Ертөнцийн 8 ном, эхлэлийн 8 алдаа"
2701,"Хөх толбот элч"
2702,Коралайн
2703,"Төгс тоо"
2704,1см+
2705,"Дэлхийн хамгийн шилдэг ярих техник"
2706,"Амьд бус амьдрагсад 3"
2707,"Өөрийгөө шинээр харах аялал"
2714,"Саран зэв"
2715,"Гэрийн үйлчлэгч"
2716,"Гүртэн 4"
2717,"Дэлхийн цуутай бизнесмэнүүд"
2718,"Алтаар өндөглөдөг галуу"
2719,"Алтан аяга"
2720,"Аргат улаан үнэг"
2721,"Бярман, Чөтгөр хоёрын үлгэр"
2722,"Долоон бурхан"
2723,"Илбэт цурхайн тушаалаар"
2724,"Мөнх Амгалан хаан"
2725,"Сэргэлэн албат"
2726,"Тугалган цэрэг"
2727,"Тусын хариуд ач ирдэг тухай үлгэр"
2728,"Хааны өмсгөл"
2729,"Хоёр Иван"
2730,"Хөөндэйн сахалт хаан"
2731,"Хунгийн сүрэг"
2732,"Цагаан баавгайн хаан"
2733,"Хүсэл тачаалын хүүрнэл 1"
2734,"Одоо англи үг цээжлэхгүй байхыг чинь харна аа 1"
2735,"Миний Охин тэнгэр"
2736,Банхар
2737,"Вавилоны хамгийн баян хүн"
2738,"Өдрийн зүүд"
2739,"Сэтгэлийг гэрэлтүүлэгч эрдэнийн толь"
2740,"Орилж хашхичиж, гар хүрэхгүйгээр хүүхэд хүмүүжүүлэх нууц арга"
2741,Шукшин
2742,"Өдөр бүрийн талх 2024"
2743,"Дүүдээ бичсэн захидлууд"
2744,"Галт шувуу"
2745,"Эргэн ирсэн минь"
2746,"Нандин урлал 1"
2751,"Summary221 - Хазайлтын цэг"
2759,"Summary229 - Нэг минутын менежер"
2763,"Summary233 - Дахин бод"
2769,"Summary239 - Золиг гэж, бие засуулж сургах нь"
2772,"Summary242 - Гэдэс"
2783,"Хүний ганц охин"
2784,"Цагийн зурвас"
2785,"Цөлд ургасан сарнай"
2787,"Summary254 - Шинжлэх ухааны товч түүх"
2799,"Summary265 - Урам зориг"
2804,"Summary271 - Ном хэрхэн унших вэ"
2809,"Summary276 - Хоёр дахь тархийг бүтээх нь"
2810,"Эсрэг 5"
2811,"Нандин урлал 2"
2812,"Эрүүлийн дээд"
2813,Адам
2814,"Газар доорх кабель илрүүлэгч иж бүрдэл, төхөөрөмжүүдийн сургалтын гарын авлага"
2815,"Цахилгаан хөдөлгүүрийг турших, туршилтын зөөврийн төхөөрөмжийн гарын авлага"
2816,"Гүний нутаг"
2817,Оман
2818,"Анагаахын физик"
2819,"Одоо англи үг цээжлэхгүй байхыг чинь харна аа 2"
2820,"Манлайлагчийн агуу өгөөж"
2823,"Шүлгийн түүвэр"
2824,Монгол
2825,"Улаан даашинзтай бүсгүй"
2826,"Дөрвөн ханзнаас бүтсэн өвөрмөц үгийн тайлбар толь"
2827,"Z үеийн нөлөө"
2828,"Хайрын цангаа"
2829,"Summary277 - Зөвшилцөлд хүрэх урлаг"
2833,Махчин
2834,"Аянгат цагийн тууж"
2835,"Онгод хөлөглөгч"
2836,"Дилав хутагт"
2837,"Ариун библи (Жеймс хааны хувилбар)"
2838,"Бизнесийн статистик"
2839,"Тэмүүлж амьдрах хүч"
2840,"Булчин суллах дасгал"
2841,Сэрэлт
2842,Бясалгал
2843,"Гуравласан аймшиг"
2844,"Ганц мод"
2845,"Гуулин саран"
2846,"Жин жин"
2847,"Сайн уу, гуниг минь"
2848,"Нандин урлал 3"
2849,"Аавын сургаал"
2854,"Summary285 - Амьддаа мөнгөө зарцуул"
2855,"Summary286 - Factfulness"
2857,"Кокогийн дүрмүүд"
2858,"Амьдралаа загварчлахуй"
2859,Бачуурал
2860,Дурсамж
2861,"Тэнгэрийн цаг болоогүй"
2862,"Цахим эринд найз нөхдөө хэрхэн өөртөө татаж бусдад нөлөөлөх вэ?"
2863,"Бөгтөр нуруутан"
2864,"Цагт 100 англи үг цээжлэх нууц 2"
2865,"Аяга кофены бясалгалаар тэрбумтан болсон хүмүүс"
2867,"Япон сургуулийн хүүхэд хөгжүүлэх арга: Түлхүүр 9 чадвар"
2868,""Нэг бүс нэг зам" санаачилга ба Монгол Улсын оролцоо"
2869,"Мөхөл дүүрэн хүний түүх"
2871,"Борооны бурхан"
2872,"Зууны дуу хоолой, би Сараа"
2873,"Бурхдын эрин"
2874,"41 чулууны мэргэ - 3"
2882,"Амьд үлдэгсэд Prequel"
2883,"УНАГА ШАТ - Унших эх"
2884,"ДААГА ШАТ - Унших эх"
2885,"ШҮДЛЭН ШАТ - Унших эх"
2886,"ХЯЗААЛАН ШАТ - Унших эх"
2887,"СОЁОЛОН ШАТ - Унших эх"
2888,"АЗАРГА ШАТ - Унших эх"
2889,"ИХ НАС ШАТ - Унших эх"
2890,"Арван таван наст Капитан II"
2891,"ДААГА ШАТ - Ярианы эх"
2892,"ШҮДЛЭН ШАТ - Ярианы эх"
2893,"ХЯЗААЛАН ШАТ - Ярианы эх"
2894,"СОЁОЛОН ШАТ - Ярианы эх"
2895,"Өртөөний хүүхдүүд"
2896,Scrum
2903,"Summary294 - Толгойдоо үлдээ"
2904,"Summary295 - Найзууд, дурлалт хосууд бас хамгийн том аймшигт зүйл"
2906,"Summary297 - Дэлхийн амьдралд зориулсан сансрын нисэгчийн гарын авлага"
2907,Гэсгээгсэд
2908,Зааг
2909,"Надтай үлдээч, Сэм"
2910,"Мэргэжлээ сонгох нь"
2911,"Женни муур"
2912,"СЕО & Стратеги"
2914,"Бэлзэгний нууц"
2915,"Хайрын урхи"
2916,"Дээврийн өрөөн дэх миний мөрөөдөл"
2917,"Монгол Улсын батлан хамгаалахын цагаан ном"
2918,"Батлан хамгаалах стратеги"
2919,"Зэвсэгт хүчний стратеги"
2920,"Цэргийн Ерөнхий тактик"
2921,"Цэргийн операцын урлаг"
2922,"Мэдээллийн дайн, түүний стратеги, тактик"
2923,"Хосолмол дайн, түүний стратеги, тактик"
2924,"Терроризм ба иргэний хамгаалалт"
2925,"Робинзон Крузо"
2926,"Терроризм, түүнээс үүсэх эрсдэлийн онол, арга зүй"
2927,"Үндэсний аюулгүй байдлыг хангах төрийн бус тогтолцоо"
2928,"Үндэсний аюулгүй байдлыг хангахад иргэний нийгмийн оролцоо"
2929,"Эрдэс баялгийн олборлолт ба Үндэсний аюулгүй байдал"
2930,"Монгол эх оронч үзэл, хүмүүжлийн тулгамдсан асуудал"
2931,"100 грамм дурлал"
2932,"Хубилай хааны цэргийн түүх"
2933,"Нарны нутаг"
2934,Ваарчин
2935,"XXI зууны ёс суртахуун"
2936,"Шатаж буй эмэгтэй"
2937,"Сэтгэл үү, сэрэл үү?"
2938,"Эсрэг хаалга"
2939,"Гурван биет I - Гараг дэлхийн өнийн хэрэг"
2940,"Зааг-ийг задлахуй"
2941,Дуудлага
2942,"Ад үзэгдэх зориг"
2943,"Бурхан өршөө"
2944,"Хэрхэн богино хугацаанд үр дүнтэй илтгэж сурах вэ?"
2945,"“Цог” сэтгүүл №1"
2946,"Зүүдний үргэлжлэл"
2947,"Баруунш зорчсон тэмдэглэл I"
2948,"Програмчлалын Си хэлийг практик аргаар сурах"
2949,"Паанан /БҮТЭН/"
2950,"Хойд нас"
2951,"Улаан даашинз"
2952,"Галзуу баян азиуд"
2954,"Дүүлэн нис  1"
2955,"Дүүлэн нис  2"
2956,"Усгал 2 - Би юу эрнэ вэ?"
2957,"Үл нүүдэллэх үүлс ба сэвэлзэх дурсамжууд"
2958,"Гурван биет 2"
2959,"Мууртай эмээ"
2960,"Жатгач хөвгүүн"
