book_name,purchase_count
Харизм,9201
"Өөрийгөө чөлөөл",7047
Согоомаа,6135
"Тархи угаах урлаг",5506
"Зуршлын Хүч",5116
"Бар ээж",4746
"Ногоон нүдэн лам",4699
"Сэтгэх урлаг",4507
"Цагийн менежмент",4496
Икигай,4268
Ичиго-Ичие,4078
"Баян эмэгтэй",4039
"Гүртэн 4",4008
"TED Talks: Илтгэх урлагт хөтлөх TED-ийн албан ёсны гарын авлага",3955
"Сахилга зөрчигч",3910
"Ичимхий зан минь баяртай",3819
"Жижиг бизнесээр баяжих ухаан",3733
"Бүтээлч, INC.",3721
"Амьд бус амьдрагсад 3",3603
"Чи жинхэнэ хүчээ хэзээ гаргах юм бэ?",3560
"Англи хэл сурахад учир бий",3502
"Сэтгэл хөдлөлийн чадамж",3421
"Еврей хүмүүсийн боловсрол болон амжилтын нууц",3171
"Ид, Залбир, Хайрла",2832
"Чойрын чөтгөр",2788
"Гүртэн 2",2762
"Сүүдэргүй хүмүүс",2728
"Монголчуудын цахим түүх CD1",2718
"Хээрийн юм",2671
"Дэлхийн бяцхан түүх",2670
"Амьд бус амьдрагсад 2",2643
"Сайн уу, Айдас минь",2554
"Хүний ганц охин",2523
"Наад зангаа л больчих",2494
Банхар,2430
"Манго жимстэй цай",2388
Мэргэн,2378
"Монте Кристо Гүн 1-р Боть",2334
"Усан доогуур 20000 бээр аялсан нь",2325
Шулам,2323
"Өөрчлөлтийг өөрөөсөө",2292
Эмгэн,2205
Сорхугтани,2204
"Хүүхэд ба Гэр бүл",2185
"Жаран цагаан хонь /БҮТЭН/",2143
Минималист,2087
Анарваан,2066
Махчин,2039
"Агуу хайр",2023
"Морь унасан толгойгүй хүн",2023
"Хилийн дээснээс урагшхан, алтан нарнаас баруунтаа",1975
"Bad blood",1972
"Пүүзэнд дурлагч",1915
"Хэен хуар",1895
"Мах уу? Шөл үү?",1873
"Улаан шиш",1872
"Чөтгөр л биш бол... 2",1854
Яс,1838
"Монголо гэдэг эрхэм",1824
"Анна Каренина I",1779
"Санхүүгийн эрх чөлөөнд хүрэх арга зам",1777
"Цагаан бороо",1768
"Чөтгөр л биш бол...",1687
"Шүүх ажиллагаа",1685
Анхдагчид,1674
"Мөхлийн эрин 5-р бүлэг",1674
"Тэмдэглэлийн дэвтэр",1659
"Хувийн манлайлал ба Нэг минутын менежер",1649
"Харанхуй дахь гол",1640
"Мөхлийн эрин",1612
Өвөлжөө,1589
"Амжилтад хүрдэг хүрдэггүй хүмүүсийн өчүүхэн ялгаа",1573
"Гаж ертөнцийн түүхүүд 1",1548
"Дипломгүй саятан",1493
"Тэнэгүүдийн сургууль",1476
"Самар хатан",1475
"Сахиусан тэнгэрүүд",1465
"Чөтгөр л биш бол... 3",1450
"Өглөөний гайхамшиг",1439
"Биеэ үнэлэгчийн өдрийн тэмдэглэл",1437
"Мөхлийн эрин 4-р бүлэг",1374
"Манлайлал ба Нэг минутын менежер",1295
"Зуун жилийн ганцаардал",1281
"Оройгүй сүм",1280
Сүрчиг,1220
"Гэрийн үйлчлэгч",1217
Шөнө,1214
"Тогтуун байх нь гол түлхүүр",1180
"Монте Кристо Гүн 2-р Боть",1168
Толь,1155
"1001 шөнийн үлгэр",1139
"Хятад сүнс",1137
Чөнс,1126
"Монголчуудын цахим түүх CD2",1126
"Үүлэн хээтэй орчлон",1121
"Монте Кристо Гүн 3-р Боть",1098
"Гүртэн 1",1082
"Будант цадиг",1036
"Ямар хүүхнүүд баян болдоггүй вэ?",1014
"Гунигт янхнуудаа дурсахуй",1006
"Гажиг тахил",971
"Жаран цагаан хонь I",953
Бэлзэг,937
"Гүйж яваа эмэгтэй",927
"Гуравласан аймшиг",907
"Нэг жижиг алхмаар амьдралаа өөрчлөх нь: Кайзен арга",903
"Биеэ үнэлэгчийн өдрийн тэмдэглэл 2",888
"Би хэн юм бэ?",863
"Монголын нууц товчоо",862
Дүблинчүүд,858
Үр,850
"Онгод хөлөглөгч",846
"Гүртэн 3",838
"Амьд үлдэгсэд",826
"Хурлийз бүсгүй",817
"Сайн хаан Бат",814
"Хятад хэл 1",812
"Гурван нас хүрэхэд оройтно",803
"Ганц зүйл",802
"Хоол ба хэвшмэл төөрөгдлийн тайлал",785
"Төгс бус байхын гайхамшиг",785
"Жаран цагаан хонь II-р хэсэг",777
"Амьд үлдэгсэд Prequel",753
"Агуу Гэтсби",753
"Сондгой цагаан сувд",745
"Хятад хэл - 2 (Монгол хэлээр)",731
"Элс цас /тэргүүн  дэвтэр/",729
"Гаж түүхүүд",728
"Монголчуудын цахим түүх CD3",728
"Дур тачаалын эрэлд",724
"Бөгтөр нуруутан",724
"Хятад хэл 1-1 (Монгол хэлээр)",708
"Биеэ үнэлэгчийн өдрийн тэмдэглэл 3",704
"Хятад хэл 2",689
"Бэлзэгний нууц",687
"Хотжилт I /БҮТЭН/",679
"Чөтгөр тонилгогч",674
"Аниргүй хотхон",649
"Ой тогтоолтын аргаар гадаад үг цээжлэх нь",649
"Сэтгэл залгигч хот",642
Хорсол,642
"Rose (Зөгнөлт өгүүллэг)",637
"Уулын сүүдэр буухаар",628
"Хятад хэл 1 - 2 (Монгол хэлээр)",613
"Бурхан өршөө",609
"Венгерийн хувьсгал",609
"Амьгүй албат нар",608
"Номын сангийн ном",604
"Нам гүм",603
"Гэмт хэргийн ертөнц",600
"Лхүмбийн хэрэг 1",598
Сиддхарта,590
"Монголчуудын цахим түүх CD4",586
"Анна Каренина II",564
"Манлайлагчид сүүлд нь иддэг",564
"Капитан Грантын хүүхдүүд",560
"Үхлийн хот",558
"Бидний мэдэхгүй амьдрал",550
"Гойд ухаалаг хүүхэд",543
"F*ck you money",540
"Фреддитэй өнгөрүүлсэн таван шөнө 3",540
"Эротик түүвэр I",534
Босуул,533
"Монголд болсон аймшигт явдлууд 100",531
"Хятад хэл 3",529
"Ам дамжсан яриа /+21/",525
"Мөнгөний дайн",516
"Аз жаргалын нууц",513
"Нүцгэн дууль 1",510
"Сайн уу? Хамгийн сайн хувилбар минь",508
"Хотол цагаан гүнж",507
"Бовари хатагтай",505
"Хөх чулууны шид",503
"Хавт Хасар",499
"Тогосын цөс",497
"Хятад хэл 4 (1-р хэсэг)",492
"Цэцэгтэй залуу",491
"Миний ажлын ноу-хау",485
"Хятад хэл 4 (2-р хэсэг)",478
"Нүүр будалт бол урлаг",477
"Айсуй цэнхэр нутаг",476
"Чи бол догь амьтан",475
"Стрессээ удирдахуй",459
"English 4 - Wonder",458
"Энгэр задгай орчлон",454
"Гадаадад сурах гарц",454
"Хөгжилтэй аргаар Англи шинэ үгээ цээжилцгээе!",452
"Хувь заяаны хэлхээ",447
"Өстний өвөрт",439
"Бүсгүй минь, нүүрээ угаа",437
"30 өдөр 30 секс /1/",434
"Хар ном /БҮТЭН/",428
Гэгээнтэн,426
"Мөнгөн ембүүний нууц",424
"Кихот ноён I",420
"Эсрэг 5",416
"Санаанаас сая долларын стартап",413
"English 1 - Sherlock Holmes",411
"English 2 - About a boy - Part 1",410
"Амьд уулс",409
"Өөрийнхөөрөө дур тавь",406
"Хойт насандаа учирна",406
"A Year to Remember",404
"Би өөрөө бурхан",401
"Дурлахыг хориглоно",399
"Эмэгтэй хүний байшин",395
"Гүн үйл",391
"Нууцат арал",391
"Хайрлагдсан эмэгтэйн зурвас 1-р дэвтэр",388
"Багваахай гуниглах цаг",388
"English 3 - Pelican Brief",386
"Хоёрын хооронд хэлэлцээр хэзээ ч бүү хий",384
"Хүний ганцын дууль",384
"The Girl in My Mirror",381
Алхимич,376
"Эсрэг хүйстнээ "найрах" нууц",374
Булш,372
"Essentialism: Цөөнийг үйлдэх зарчим",372
Хайрцаг,371
"English 2 - About a boy - Part 2",371
"Дөлгөөн Дон I",369
"Нүсэр бус төсөр",365
"Хайду хаан",363
"Нүүдэл суудал",363
"Хориотой бүс",360
"Хувцасны шүүгээ",353
"Аниргүй хайрханы хүүрнэл",352
Хишигт,351
"Янаг бүсгүйн захидал",351
"Элс цас /дэд дэвтэр/",347
"Улаан могой",347
"Жаран хоног "Жаран"-ы бутархай",345
Лянхуа,343
"Хятад хэл 4 (3-р хэсэг)",341
"Санхүүгийн философи",341
"EQ Боловсрол буюу харилцааны ур чадварын боловсрол",338
"Хүчтэй сэтгэл зүйтэй хүмүүсийн хийдэггүй 13 зүйл",338
Харанхуйд,334
"Паанан 1",332
"Өнөөгийн ертөнцийг үндэслэгч Эзэн Чингис хаан",329
"Ойд бүгсэн сүнс",327
"Гал /БҮТЭН/",326
"Шилийн богд",326
"Чөтгөрийн бүжиг 12/32",325
"Тусгаар тогтнолын түүх CD1",321
Factfulness,321
"Хар Хадаан баатар",320
"Огул Хаймыш хатан",320
"Хятад хэл 4 (4-р хэсэг)",318
"Ухаалаг ходоод",317
"Хайрлах урлаг",313
"Чимээгүй одогсод",306
"Үр харам",303
"Шулмын инээд /БҮТЭН/",302
"Амжилт өөд",301
"Арван наймтын золбоо",298
Нууцууд,295
"Амьд бус амьдрагсад",292
"Шөнийн ээлжнийхэн",292
"Монголын их хатдын нууц товчоо",292
"Зүрх сэтгэл II",290
"Тархиа өөрчилж, Амьдралаа өөрчил",290
"Өвгөдийн жудаг",290
"Аз жаргалын амин дэм",288
"Дотно хоолой Эротик өгүүллэг 1",283
"Эсрэг 4",282
"Сайн уу, найз минь",280
Түнэр,276
"Дүрэмгүй байх дүрэм",274
"Орчлонгийн элдэв сонин",274
"Биткойн ба блокчэйний тухай үндсэн ойлголтууд",273
"Нүцгэн дууль 2",272
"Уулын үер",272
"Парисын дар эхийн сүм",267
"XX зууны Монголын түүхийг шинээр эргэн харахуй",266
"Өгөх авах ухаан",265
"Америкт болсон аймшигт явдалууд 1",262
"Платоны тодорхойлсон хүн",262
"Нүрзэд хаачив",261
"Чингис хааны нууц түүх I",259
Сахар,259
"Таро хөзрийн гайхамшиг",259
"Дориан Грэйн хөрөг",257
"Зүлэйха нүдээ нээхүйд",257
"Миний Охин тэнгэр",256
"ВИЧЕР - Сүүлчийн хүсэл",255
Хөрш,251
"Эсрэг 1",251
"Жек Ма-гийн бүтээсэн Алибаба",249
"Хөх шуурга",248
"Ойн дундах асрамжийн газар",248
"Цэцгэн титэм",247
"Торгуудын Убаш хаан",246
Мөрөөдөгч,246
"Үр сад",245
"Вавилоны хамгийн баян хүн",245
"Софийн ертөнц 1-р хэсэг",243
"Дөлгөөн Дон II",242
"Лхүмбийн хэрэг 2",241
"Жин жин",241
"No Filter: Инстаграмын бодит түүх",240
"Гайхамшгийн томьёо",238
"Эсрэг 2",233
"Миний хонгор хүү",233
Хэзээ,232
"Холын ажаач Жунсо",231
"Аяга кофены бясалгалаар тэрбумтан болсон хүмүүс",230
Усгал,226
"Шударга ёсны лекц 1",224
"Менежментийн психологи",222
"Монголын Нууц Товчоог шинээр эргэн харахуй Лекц 1-2",222
"Хорт хавдрын эсрэг - Амьдралын шинэ хэв маяг",221
"Тэнгэрийн улаач",220
"Баярлалаа чамдаа",219
"Байтаг Богдын нүргээн",219
"Хорсол 2 ба Тамын амьдрал",218
"Эсрэг 3",214
"Есийн нэг. ЗэлМэ жанжин",214
"Шөнө дундын номын сан",214
"Тойрогт мөчлөг",213
"Утгын чимэг - шилмэл өгүүллэгүүд",213
Алиалагч,212
"Харвардын оюутнууд хэрхэн суралцдаг вэ?",208
"Нархан минь",206
"Ши /БҮТЭН/",205
"Үл номхрохуй",205
"Америкт зорчсон Жийжээ",204
"Бурхдын эрин",204
"Их хайрын түүх",204
"Бүсгүй минь, уучлал гуйхаа боль",204
"Анагаахын физик",200
Амарсанаа,199
"666 /БҮТЭН/",197
"Хатангуу амьдралын орчил",196
"Хүйтэн тууж",195
"Хорвоотой танилцсан түүх I",193
"Жорлонд унших ном",193
Стратегич,192
"Амьд гариг ном /Зөгнөлт, триллер өгүүллэгүүд/",192
Гэсгээгсэд,190
"Сүбээдэй баатар",189
"61 ах нэгдүгээр дэвтэр",189
"Үйлийн хайч /БҮТЭН/",188
"30 өдөр 30 секс /2/",187
"Том мөрөөдөл",186
"Дөрвөн хэлцэл",185
"Ноён үрэлгэн ба Хатагтай хэмнэгч",184
"Эрүүл амьдрах Энгийн аргачлал",183
"Арван таван наст Капитан I",181
"Дөнгөж 13: Тайландын секс-жуулчидтай өнгөрүүлсэн миний өсвөр нас",178
"Бүү саад бол",178
"Хөгжилтэй аргаар Солонгос шинэ үгээ цээжилцгээе!",177
"Паанан 2",177
"Ял тулгасан замбуулин",176
"Аядуу тайван ахуйдаа л бидний анзаардаг зүйлс",174
"Үлгэр дуустал хайрлана /аудио/",173
"Шоовдор хүмүүс",173
"Дөлгөөн Дон III",172
Алхимичид,172
"Орцны аялгуу",171
"Манай ангийн Болдоо",170
"Хорсол 3 ба Хохирогч",170
"Тэнгэр зайран",170
"Хан хөвүүний цурхираан",169
"Сүнстэй өнгөрүүлсэн гурван шөнө",167
Хагацашгүй,167
Сэжигтэн,166
"Эх Үрийн Судар",166
"Теломерийн нөлөө",166
"Яаж хурдан адуутай болох вэ?",165
"Хойд эх",165
Нурам,165
"Нүцгэн Үнэн: Хайр, Секс ба Харилцаа",162
"Харанхуй сургууль",161
"Гуулин саран",161
"Тусгаар тогтнолын түүх CD2",161
"Дөлгөөн Дон IV",160
"Улаан могой 2: Хөх лууны гэрэл",158
Оточ,158
"Гүний нутаг",158
"Өөртөө саад бүү хий",158
"Буддын бясалгал ба сэтгэл судлал",157
Удам,156
"Зовлонт амрагуудаа дурсахуй",156
"Керри эгч",156
"Хүүхдийн аюулгүй байдлын цахим ном",154
"Паанан 3",154
"Тэнгэрийн ташуур",154
"Галзуу шуламнууд",152
"Усны гудамж",152
"Намрын шөнийн зүүд",151
"Домогт Ану хатан",151
"Чимээгүй хот /зөгнөлт аймшиг/",148
"Америкт суралцсан тэмдэглэл",148
"Үгүй гэж хэлэх урлаг",148
Хүдэн,148
"Гринч зул сарыг хулгайлсан нь",147
"Хуурай мацгийн гайхамшиг",147
"Аянгат цагийн тууж",145
"Амьдрал оргилд биш бэлд",145
Дуугай,144
"Энгийн кето",144
Рэкет,143
"Нойр хулжаам сансар огторгуй",143
"Өвгөдийн цадиг",143
"Хорвоогийн өнгө",142
"Гэрт болсон яриа",142
"Нэг минутын менежер өндөр бүтээмжтэй баг бүтээсэн нь",142
"Эротик түүвэр III",141
"Зүрх сэтгэл I",139
"Ээж 1% өөрчлөгдөхөд хүүхэд 100% өөрчлөгдөнө",139
"Тэнгэрийн зарлиг",138
"Суралцахуй, сурах хэв маяг",138
"Паанан 4",137
"Ганц мод",136
"Лхүмбийн хэрэг 3",135
"Дотроосоо 1-р бүлэг",135
"Өрнө фронтод сонин гойд юмгүй",134
"Зүрхэн шивнээ",133
"Кихот ноён II",133
"Дижитал минимализм",132
"Хамгийн багаас эхэл",132
"Өвгөдийн ярьсан явган шог, хууч яриа",132
"Карма - Учир шалтгаан, үйл үрийн ном 1-2 боть",132
"Цөн түрэх цагаар",130
"Аянгат даваа",129
Верити,129
"Үүрийн гийчин",129
Чөтгөр,128
"Хөгжилтэй аргаар Япон шинэ үгээ цээжилцгээе!",128
"30 өдөр 30 секс /3/",128
"Өгүүлэх ухаан",128
"Юм юмнаасаа",128
"Шөнийн гийчин",127
"Эротик өгүүллэг 1",127
"Эгэл амьдрах ухаан",126
"Паанан 5",126
"Түүхий илд",126
Халдвартай,124
"Аугаа Эрин: Хөх илдний очис",123
"Оюунтөгс хүүгийн үлгэр",123
"Монгол-Англи цэвэр Америк аялгат ярианы сонсдог ном",123
"Англи хэл сурах аргачлал",122
Занабазар,122
Ишүүжин,122
"Аллагын захиалагч",122
"Эротик түүвэр II",121
Зоорь,121
"Өнөөх 1",121
"Нар хүнээс манддаг",121
"Паанан 7",120
"Паанан 8",120
"Эзэнт гүрний туульс  1",120
"30 өдөр 30 секс /6/",118
"Үнэний хорвоо",118
"Тусгаар тогтнолын түүх CD3",117
"Паанан 6",117
"Хөрөнгө оруулалтын 10 дүрэм",116
"Аргасуу баатар",116
"Сэтгэлийг анагаах өөрчлөлтүүд",115
"Үхлийн сутра",114
"Хөөрөх мөч",114
"Амжилтын арван алхам",113
"Миний мэдэх ерөнхийлөгч Баттулга",112
"Сүмтэй бударын чулуу",112
"Тэд яаж Харвардад тэнцсэн бэ",112
"Залхуу хүү засралыг олсон үлгэр",112
"Үлгэр дуустал хайрлана",111
"Чөтгөрийн бясалгал",111
"Сургамжит өгүүллэгүүд 1",111
"Сургамжит түүхүүд 1",109
"Ази хоолны дэглэм",109
"Түүнийг гэх дурсамж",109
"Үхмэл тосгон",109
"Аура & Карма",108
"Чингис хааны нууц түүх II",108
"Гүн тайвшрал",108
"Дагина Мажиг Лавдонмаагийн намтар",108
"30 өдөр 30 секс /4/",108
"Франц бүсгүйчүүд таргалдаггүй",106
"Манлайлагчийн зам",105
"Бодол биеллээ олдог",104
"30 өдөр 30 секс /5/",104
"Дэлхийн хамгийн шилдэг ярих техник",102
Санкара,102
"Даяарчлал ба түүний хохирогсод",102
"Хөзрийн хатан 1-р дэвтэр",101
"Үхэл гэж юу вэ?",101
"Сахиусан тэнгэрийн нулимс",100
"ФРИЛАНС буюу хил хязгааргүй хөдөлмөрийн зах зээлд хэрхэн гэрээсээ ажиллах вэ?",99
"Хөрөнгийн арилжааны гарын авлага",98
"Талд ассан түймэр",98
"Миний мэдэх ЖЕНКО Баттулга",97
"Хүн, араатан, бурхад - Тэргүүн хэсэг",97
Мятаршгүй,97
"Тусгаар тогтнолын түүх CD4",96
Галаа,96
"Гаслант усан дусал",96
"Муу залуу",95
"Зоорь II /БҮТЭН/",95
"Ховдоос Харвард руу",94
"Сурахад суралцах нь",94
"Галт шувуу",94
"Алтан хараацайн үлгэрүүд",93
"Харийн тэнгэр",92
"Ээлжийн харуул",92
"Хөх илдний нууц",91
"33 насандаа CEO болох аргачлал",91
"Боодол мөнгө",89
"Бяцхан хунтайж",89
"Алибаба группыг үндэслэгч Жэк Ма-гийн амжилтын нууц",88
"Амжилтад хүрэх гал эрмэлзэл",88
"61 ах хоёрдугаар дэвтэр",88
Жолита,87
"Амин долоон өндөгтэй алаг шаазгайн үлгэр",87
"Ирээдүйд үнэтэй мэргэжлүүд",86
"Өглөөний гайхамшиг: Оюутан",86
"Хайр нандин",86
"5 Секундийн дүрэм",85
"Муур, нохой, чоно, хүн болж үзсэн хулганы үлгэр",84
"Алдартнуудын айлдсан онч мэргэн үгс",84
"Сод ухаантай хүүхэд төрүүлдэг Еврей хүмүүсийн жирэмслэлтийн арга",83
"Хаулын нүүдэг цайз",83
"Бидний мэдэхгүй Линколн",83
Нүдэнгоо,82
"Нийгэм судлал - ЭЕШ",82
"Ногун комик цуврал 2",82
"Safety book 2016",82
"30 өдөр 30 секс /10/",82
"Амрагийн тэнгэр",81
Хөргөгч,81
"Энэрэлгүй хорвоо",81
"Монгол товчион түүхийн тайлал",80
"Шилдэг бизнес төлөвлөгөө зохиох цагаан толгой",79
"20 жилийн дараа",79
"Манлайллын шилжилт",79
Үсчин,78
"Хүссэн бүхнээ идээд тур",78
"Богд Зонхавын намтар",78
"Атамааны эхнэр 1-р хэсэг",77
"Дэвшилтэт Стартап",77
"Өртэй хүн өөдөлдөг",77
"Тэр юм",76
"Зөвлөх урхи",76
"Жигжидийн Мөнхбат",75
"Шатаж буй эмэгтэй",75
"Фэн Шуй",75
"Жийдаан Богдын намтар 1-р боть",75
"Аятайхан Амттайхан Гоёхон",75
"Сурган хүмүүжүүлэх сэтгэл судлал",75
"Нулимс дуусаагүй цагт...",74
Эргүүлэг,74
"Мөрөөдлийн хүч",74
"Есөн хуруу / Хөрш-2 /",73
"Санаснаас ч илүү",73
"Болор өгүүллэгүүд",72
"Ярих ур чадвараа тэл",72
Төвөггүй,71
Шившлэг,71
"Амраг чоно",71
"Софийн ертөнц 2-р хэсэг",70
"Нийгмийн сэтгэл судлал",70
"Утгын чимэг (бүлэг - 4)",69
"Хүн, араатан, бурхад - Дэд хэсэг",69
"Намайг өөрчилсөн 85 эмэгтэй",69
"Арсландай мэргэн хаан",69
"Аллэн Каррын тамхинаас гарах хялбар арга",68
"Хайрлагдсан эмэгтэйн зурвас 2-р дэвтэр",68
"Гүндүүтэй Монгол эр",68
"Ажлын дүрэм",68
"30 өдөр 30 секс /8/",68
"Зургадугаар сарын цас",68
"Хайрын тангараг",67
"Тод гэрэлтэх бүсгүй",67
Худаг,67
"Нойрны үнэ цэн",67
Ялагсад,67
"Тоглоомын дүрэм",67
"30 өдөр 30 секс /7/",67
"Бүтээлч даалгавар",66
"Нөлөөлөх ур чадвараа тэл",66
"Шударга ёсны лекц 2",66
Бэлэг,66
"Өнөөх 2",66
"Хөзрийн хатан 2-р дэвтэр",65
Удвал,65
"Ном унших ном",65
"Хүн, араатан, бурхад - Тадгаар хэсэг",65
"Хар цэцэг",65
"Монтессорийн заах арга",64
"Толгодын цаана ингэ буйлна CD 1",63
"Хар домоос сударлан далд ертөнцөд зорчивоос",63
"Дотроосоо 2-р бүлэг",63
"Таны хүү залхуу биш",63
"Хүүхдээ ойлгох ном",63
"Өв залгамжлагчид",62
"Хар чихт цагаан Бим",62
"Тусгаар тогтнолын үнэ цэнэ",62
"Эрдэнийн хүлэг оршвой",62
Төлөөс,61
"Мэргэн оготны сургаал ба Заантай тулалдсан хулгана үлгэрүүд",61
"Хүүхдэд хөгжим сонсгож хөгжүүлэн хүмүүжүүлэх нь",61
"'А' роман",61
"30 өдөр 30 секс /9/",61
"Жирэмсэн үеийн зөвлөмж",60
"Борхүү, Одхүү, Төмөрхүү гурвын адал явдал #2",60
"Сүүлчийн аялал",60
"Хүн, араатан, бурхад - Гутгаар хэсэг",60
"Хүн, араатан, бурхад - Дөтгөөр хэсэг",60
"Амьдрал үзэсгэлэнтэй",60
"Чамд зориулав",60
"Хүүхдийн хөгжил ба сэтгэл зүйн зөвлөгөө",59
"Монголоо таниулъя",59
Тахил,59
"Аз жаргал & Стресс",59
"Сарьсан багваахайн үлгэрүүд",58
Цүнх,58
"Миний үлгэрүүд",58
"Шуургатай шөнө",58
"Сэтгэл гутрал ба сэтгэл зүйн зөвлөгөө",58
"Утгын чимэг (бүлэг - 1)",57
"Хөх толбот элч",57
"Дөргөнэ хатны алтан зоос",57
"Оюуны дасгалжуулалт",57
"Санхүүгийн хямрал ба Холбооны нөөцийн банк",56
""Вангийн нулимс" 1-р хэсэг",56
Малала,56
Урвуу,56
"Цасан ширхэг",55
Сэрэлт,55
Хүүхэлдэй,55
"Домогт баатрын туульс I",55
"Хотжилт I - 3",55
"Буддагийн програмчлал",54
"Уянгын тойрог",54
"Хорвоотой танилцсан түүх II",54
"Аргагүй амраг",54
"Хонгор минь",54
"Аравдугаар сарын наадаан",54
"Баяртай гуниг минь",53
"Бүтээлч Моносчууд бүгдийг тэгээс",53
"Бондын хаан",53
Тамга,53
"Үхэл үгүй дурлал",52
"Тамын бослого",52
"Сэрж буй Монгол CD1",51
"Өөрийгөө удирдагч болгон хөгжүүл",51
"Арьс арчлах бүтээгдэхүүний нууц",51
Өвөө,51
"Ядаргаа тайлж эрүүлжүүлэх цэгэн барианы аргачлал",51
"Эрхий мэргэн",51
"Бие хүний сэтгэл судлал",51
"Цагаан цувтай бүсгүй",51
"Хөтөвчинд сууж сурцгаая",50
"Ад үзэгдэх зориг",50
"Оршихгүйгээр оршихуй",50
"Social Studies",50
"Хажуу өрөө",50
"Эрүүлийн дээд",50
Дотроосоо,50
"Хөгжилтэй аргаар Герман хэлний үгээ цээжилцгээе!",50
"Мөнгөний түүх",50
"Хөх Монголын хөх туг",50
"Бусдыг татах 25 арга",49
"Ээдрээт цагийн бичээс",49
Ороолон,49
"Дэлхийн загварлаг брэндүүд",49
"Ертөнцийг өөрчилсөн 50 компани",48
"Ангир уураг",48
"10% илүү аз жаргалтай",48
"Цогцос  чангаагч",48
"Цайлган Эрендира",48
"Гишгэх газаргүй хөл",48
"Эротик өгүүллэг 2",47
"Атамааны эхнэр 2-р хэсэг",47
"Шийдвэр хэрхэн гаргах вэ?",47
"Мял Богдын саран мэт шавь Райчүн Дорждагвын намтар",47
"Жорлонгоо өөрчилье",47
"Монголын эзэнт гүрэнд зорчсон нь",47
Менежмент,46
"Эгэл Рич",46
"Дурлах нас 2",46
"Хөгжилтэй аргаар Орос хэлний үгээ цээжилцгээе!",46
"Хар дэвтэр",45
"Эхнэр хүмүүний хөтөч дэвтэр",45
"Хүн бусын тэмдэглэл",45
"Уянгын туужууд I",45
"Бурханд хэлэх зөвлөгөө, CD Бүлэг 1",45
"Хотжилт I - 4",45
"Хөндлөнгийн хүн",45
"Ногун комик цуврал 3",45
"Ажил, мэргэжил бага лавлах толь",44
"Хайрын ном",44
"Өдөр бүрийн талх 2020",44
Шарилж,44
"Өдөр бүрийн талх 2021",44
"Сургамжит өгүүллэгүүд 7",44
"Тасдаж үл болох сарнай",44
"Хар гар",44
"Амьдрал минь өөрөө КИНО",43
"Консуэло I",43
"Хулан хатан",43
"Миний мэдэх Язид ба Зинедин Зидан",43
"Голдман Сакс - Амжилт дагуулсан соёл",43
"Аз жаргалын скандинав хөтөч",42
"Цаасан шувуу наадуулагч",42
"Кикигийн хүргэлтийн үйлчилгээ",42
"100 удаа оролд",42
"Цэвдэг Жаран",42
Есөн,42
"Үрийг хүмүүнжүүлэх судар",42
Altogether,42
"Дэлхийн их хувьсгалын сүүдэрт",42
"Орчлонгийн чинад нууцын тайлал",42
"Friends forever #1 (My Little Pony)",41
"Цагаан тэнхлэг",41
""Залхуу ээж"-ийн сурагчид",41
"Сайн уу, гуниг минь",41
"Дур булаам эмэгтэйн 10 нууц /Нэгдүгээр дэвтэр/",41
"Нарны нутаг",41
"Социализмаас Капитализм руу",40
"Монгол өвөрмөц хэлцийн тайлбар толь",40
"Нэгэн зуны явдал",40
"Саран зэв",40
"Хайртай учрах болно",40
"Оршихуйн 6 тив",40
""Вангийн нулимс" 2-р хэсэг",40
Өөрчлөгч,40
"Ямандаг бурхны үүсгэлийн зэрэг",40
"Монголын Нууц Товчоог шинээр эргэн харахуй Лекц 3",40
"Бие сэтгэлийн билгийн рашаан-1",40
"1%-ийн БОЛОМЖ 99%-ийн ХӨДӨЛМӨР",40
"Зан төлөвшлийн нүцгэн толь",39
"Ловон Бадамжунайн намтар",39
"Болдоггүй бор өвгөн",39
"Хүсэл хяслын заагт",39
"Бизнесийн шинжилгээ",39
"Час улаан бадмаараг эрдэнэс",39
"Хөгжилтэй аргаар далбаагаа цээжилцгээе - 1",39
"Хайрын урхи",39
"Шидэт Монгол үлгэрүүд",38
Томъёолшгүй,38
Мессеж,38
"Сэнтий түшсэн хатад /аудио/",38
"badral test",38
"Хайрын цангаа",38
"Зоорь II",38
"Сэрж буй Монгол CD2",37
"English Powered",37
"Friendship is magic #2 (My little pony)",37
"Өөрийгөө хянаж сурахуйн ухаан",37
"Мухрын өрөө",37
"Данс нь хэзээ ч "0" заадаггүй эмэгтэй",37
"Хар ном – Хууралт ба худал ярилтыг илрүүлэх 150 арга",36
"Муухай Монгол хүн",36
"Хөгжилтэй аргаар Швед хэлний үгээ цээжилцгээе!",36
"Сонгодог өгүүллэгийн дээжис 1",36
"Хайр дурлалын сэтгэл зүй",36
"Essays to Inspire",36
"Бурханд хэлэх зөвлөгөө, CD Бүлэг 2",36
"Хайртай шүү Бяцхан По",36
"Чиний бүтээсэн би",36
"Цагаан нөмрөг",35
"Хөгжлийн тухай онолууд: Монголын хөрсөнд",35
"365 өдөр",35
""Вангийн нулимс" 3-р хэсэг",35
"Хүн өөрийгөө бүтээдэг",35
"Дотно алс",35
"Гашуун ч амттай",34
"Харвардад тэнцүүлсэн шилдэг 50 эсээ",34
"Дэлхийн монголчуудаар зорчсон тэмдэглэл",34
"Шуламсын цалам",34
"Хөгжилтэй аргаар Франц хэлний үгээ цээжилцгээе!",34
"Утгын чимэг (бүлэг - 2)",34
"Толгодын цаана ингэ буйлна CD 2",34
"Хөх тариан талбайн ирмэгт",34
"Эрх чөлөө",34
"Хувцасны дизайн",34
"Хүдэнт хангайн уулс 1",34
"The Red",33
"Цагаа удирдаж, амьдралаа удирд",33
"Адагт очих жор",33
"Өнчин мод",33
"Самсунг компанийн ерөнхий захирал И Гон Хы-гийн удирдлагын ухаан болон амжилтын нууц",33
"Сүүлчийн  хүч",33
"“Муухай хүүхэд” гэж бүү хэлээрэй",33
"Харь гаригийн өгүүллэгүүд",33
"Аавтайгаа өнгөрүүлсэн онцгой өдөр",33
"Дээврийн өрөөн дэх миний мөрөөдөл",33
"Эерэг өглөө бясалгал",33
"14-р хорих лагериас оргосон нь",33
"Арвангуравдугаар зуун",32
"Ээжүүдийн нүцгэн үнэн",32
"Байрны найз",32
"Удирдагчийн 360 градус",32
"Хайрлуулах хувь үгүй нэгэн",32
"Сүүдэрт гэтэх албин",32
"4 биш 4",32
"Эцэг эх байх нь галзуу хулганаар давхих мэт",32
"Хотжилт I - 5",32
Коралайн,31
"Содон төрх ,сонирхолтой ааль ааш (2-р дэвтэр)",31
"Хуучин байшингийн цэнхэр нүдэн",31
"Хөзрийн хатан 3-р дэвтэр",31
"Та эрчүүдийн соронз",31
"Хятад орныг 10 үгээр",31
"Чингис хаан 500 баримт",31
"The Vagina Bible",31
"Кино зохиолчдын библи",31
"Хөх тавилан",31
"Чингис хаан Эрхэм дээд үнэний эрэлд",30
"Цус харвалтын дараах нөхөн сэргээх эмчилгээний гарын авлага",30
Нууцхан,30
"Номтын тэнгэрийн 33 баатар",30
"Айн Жалудын цавчилдаан",30
Бясалгал,30
"Шийдэмгий нүүдэл",30
"Хүүхдийн санхүүгийн боловсрол",30
"Энхийг эрхэмлэгч ээж",30
"Цасан хөшиг",30
"Хул намрын араншин",30
"Монголыг өөрчилсөн 30 компани",30
"Боомт хот",30
Дурсамж,30
"Шөнийн Солонго",30
"Эхнэр залбирсны ачаар",30
Ганцаардаагүй,30
"Тавтай нойрсоорой бяцхан По",30
"Электроникийн үндэс",29
"Тамирчны зоригийн сэтгэл зүй",29
"Power BI дээр тайлан, дашбоард бэлдэх",29
"Монголчуудын хоол зүйн уламжлал, шинэчлэл",29
"Хорин нэгэн хөрөг",29
"Эвдэрхий цаг",29
"Сургамжит өгүүллэгүүд 2",29
"Хуучин хүүхэлдэйнүүд",29
"Нэгэн гэрийн житгэрүүд",29
"Амжилтын амьд соронз",28
"Карамазовын хөвүүд",28
"Эрвээхэйн сүнс",28
Ариан,28
"Нүүрсний тавин тав",28
"Ихэр оршихуйн домог : 1-р боть Өнчин хүүгийн үлгэр",28
"Бяцхан жонон",28
"Очирбатын ДАШБАЛБАР",28
"Сургууль судлал",28
"Сэнтий түшсэн хатад",28
"Мэргэжлээ сонгохуйн нууц",28
"Амьдралд давтагдашгүй аялал",28
"Улаан даашинзтай бүсгүй",28
"Хөх Монгол иргүн Алтан дээд үнэний жамд бадрахуй",28
"Стори Брэнд бүтээх нь",27
"Миний дотор хэн байна",27
Монт-Ориол,27
"Би ирээдүй рүү нүүр бардам харна С. Баяр",27
"Үүл бид хоёр",27
"Цуутай Цагааны түүх",27
"Сүбээдэй баатар 2",27
"Мэргэн үгсийн чуулган",27
"Нийгэм-соёлын хүн судлалын удиртгал",27
"Утгын чимэг (бүлэг - 3)",27
"Дээдэс өршөө /шилдэг богино өгүүллэгүүд/",27
"Бизнес өрөг - Эргэлт хийх боломж",27
"Эх түүхийг энгийнээр",27
"Манлайлагчийн агуу өгөөж",27
ЖЕНКО,27
"Сургалтыг идэвхжүүлэх 101 арга",27
"Би цуврал алуурчин биш",26
"Саятан болох хурдны зам",26
"Долоон жилд эхний ТЭРБУМ-ыг олох нь",26
"Монголын цуутай бизнесмэнүүд",26
"Хэнри Форд “Миний амьдрал, миний амжилт”",26
"Дөлгөөн Дон /Тавдугаар дэвтэр/",26
Хиймэл,26
"Хугарсан ноён нуруу",26
"“Содон төрх, сонирхолтой ааль ааш”  3-р дэвтэр",26
"Аниргүйн шивнээ",26
"Хайрын тухай зүүд",25
"Чин Ван Ханддорж",25
"Ногун комик цуврал 5",25
"Хүүхэд хүмүүжүүлэх манжин арга",25
"Доктор Жэкилл болон ноён Хайдын жигтэй цадиг",25
"Орхоны хөвөөнд наран мандахуй",25
"Харвардын Серендипити",25
"Анагаахын ба Сувилахуйн ухааны толь /Aнгли-Монгол, Монгол-Англи/",25
"Сүүжин ээмэг",25
"Эцсийн хөрөг",25
"Бурханд хэлэх зөвлөгөө",25
"Ногун комик цуврал 4",24
"Домогт хүрэн халзан",24
"Тулга хүү гараа угааж сурсан нь",24
"Шинжээчид өө хэлээгүй хүлэг",24
"Унага Монгол ардын үлгэр",24
"Хятадтай хэрхэн өрсөлдөх вэ?",24
"Удирдан манлайлах эрх",24
"Өөрийгөө хөгжүүлье",24
"Тэнгэрийн таван элч",24
"Үрийг Хүмүнжүүлэх Судар",24
Реалтор,24
"Хүсэл тачаалын хүүрнэл 1",24
"Хүүхдийг эх захтай болгох нь",24
"Сэтгэлд хүрсэн үгс",24
"Үрэвслийг эмчлэх нь",24
"12 ноот",24
"Тагтан дээр",24
"Шпессарт дахь буурчийн газар",23
"Шинэ цагийн төлөвшил",23
"Үйлийн үр",23
"Борхүү, Одхүү, Төмөрхүү гурвын адал явдал #3",23
"Ирээдүйн дурсамж",23
"Хулан бид хоёр",23
"Аав ээж залбирсны ачаар",23
"Алдагдсан цаг хугацаа",23
"Чиний ирээдүй хичнээн сайхан гээч",23
"Мялын буман дуулал",23
"Жадамбын Бат-Эрдэнэ - Түүхээ сөхвөл",23
"Хүссэн жиндээ хүрэх арга",23
"Цөлд ургасан сарнай",22
"Ра лозавагийн намтар",22
"Бүсгүй зөн сэрэхүй",22
"Сонгодог өгүүллэгийн дээжис 5",22
"Борхүү, Одхүү, Төмөрхүү гурвын адал явдал #6",22
"Монгол соёлоо таниулъя",22
"Монгол Улсын хууль тогтоомжийн түүхэн товчоо",22
"Гурван улсын үлгэр 1-р боть",22
"Өдрийн зүүд",22
"Амьдралаа загварчлахуй",22
"Гулливерийн аялал",22
purchase-test,22
Өөр,22
"Монгол ёс заншлын хорио цээрүүд",22
"Цасан нулимс",22
"Тэргүүн хатагтай",21
"Марва хэлмэрчийн намтар",21
"Дур булаам эмэгтэйн 10 нууц /Хоёрдугаар дэвтэр/",21
"Амьдралын тойрог",21
"Алс газар сурахаар одогсод /тэргүүн дэвтэр/",21
"Amla card- Төвлөр Төсөөл Тогтоо",21
"Харц хатан",21
"Хөгжилтэй аргаар Турк хэлний үгээ цээжилцгээе!",21
"Малгайтай муур",21
"Хэвтэж буй хүн  1",21
"Нар жаргадаггүй",21
"Төгс үйлчилгээ",21
"Монголчуудын тэнгэр үзэл, тэнгэр шүтлэг",21
"Хэлхээгүй сувд (дуусаагүй тууж), өгүүллэгүүд",21
"Минимализм бид хоёр",21
"Форрест Гамп",21
"Английн хаад, хатад",21
"Нэг гэрийн хоёр эзэгтэй",21
"Yesterday in the life",21
"Өөрөөдөө эргэсэн нүүдэл",21
"Шаазгай алаг хорвоо",21
"Хөгжилтэй аргаар Испани хэлний үгээ цээжилцгээе!",21
"Зүүд сахигч",20
"Friendship is magic #4 (My little pony)",20
"Ногун комик цуврал 8",20
"Аз жаргалын эрэлд",20
"Гэрэл зураг авахуйн тухайд",20
"Сонгон шалгаруулалт",20
"Амьдрал нэрт кафед",20
"Ногун комик цуврал 11",20
"Амьдралын урсгал",20
"Хэвтэж буй хүн 2",20
"Монголын авьяаслаг бизнесмэнүүдийн нууц",20
"Хар хөх эмэгтэй",20
"Улаахан алчууртай хонгор минь",20
"Өндөр бүтээмжтэй өсвөр насныхны 7 дадал",20
"Орчны эрүүл мэндийн тухай",20
"Амжилттай ажиллах нь",20
"Дээрхийн гэгээн XIV Далай лам Данзанжамцын “Өдөр тутмын 365 бясалгал”",20
"Ногун комик цуврал 7",20
"Насан туршдаа суралцахуй",20
Савлуур,20
"Хөзрийн хатан 4-р дэвтэр "Хайртай учирсан нь"",19
"Аймхай элч",19
"Эрдэмт 7 хүү",19
"Мэрилэнд гудамжны эмэгтэй",19
"Булчин суллах дасгал",19
"Нүүдэлчний яриа",19
"Мял Богдын шавь Оточ Гамбовагийн намтар",19
"Ногун комик цуврал 10",19
"Азгүй жаалуудын адармаатай түүхүүд - 1",19
"Ф. Кафка “Хувирал” (В.Набоковын лекц)",19
Сөргөөн,19
Цэцүүхэй,19
"Хэсгийн төлөөлөгчийн эхнэрт тохиолдсон явдал",19
"Хөвөн хад",19
"Бид нэг хэлээр харилцдаг уу",19
"Ойн хүрээний долоон үлгэр",19
"Бяцхан чоно шүдний эмч дээр очсон нь",19
"Амазон шиг сэтгэ",19
"Бурхан багшийн сургаал",19
"Монгол хэлний хэлц үгийн тайлбар",19
"Улаан Сухай",18
"Хормогчоо тайлж хорвоотой танилц",18
"Бодлын төөрөгдөл",18
"Friends forever #3 (My Little Pony)",18
"Цахимд учирсан амраг минь",18
"Жаахан хүүхдийн талаар чиний мэдвэл зохих зүйлс",18
"Ногун комик цуврал 6",18
"Миний Лобби",18
"8км 400м",18
"Түүхэн 500 үйл явдал",18
"Би чамд хайртай 2",18
"Ногун комик цуврал 9",18
"Би эмэгтэй хүн",18
"Банкны эзний охин",18
"Ногун комик цуврал 12",18
"Бие сэтгэлийн билгийн рашаан-3",18
"Өдөр бүрийн талх 2023",18
"Кокогийн дүрмүүд",18
"Today in the life",18
"Манай үеийн мангас",18
"Аз жаргалтай хүүхдийн 7 дадал",18
"Хонхон шил",18
""ИОГ" Иогийн сурах бичиг",17
"Хүн болох урлаг",17
"Мастер, Маргарита хоёр",17
Итгэл,17
"Хурдацтай амжилт",17
"Эгэл бус Мужаан",17
"Малалагийн шидэт харандаа",17
"Ногун комик цуврал 13",17
"Сергей Есенин. Сонгодог шүлгүүд",17
"Үүлэн тайзтай бийрэн жүжиг",17
"Сургамжит өгүүллэгүүд 3",17
"Ногун комик цуврал 20",17
"Үйлийн үрийн байшин",17
"Эрчүүд яагаад худал хэлж эмэгтэйчүүд яагаад орилж чарладаг вэ",17
"Үр хурмастын өмнө",16
"Интерлюд Interlude",16
"Мэргэн галуу ба тэнэг мэлхий",16
"Сарны шувуу",16
"Арван таван наст Капитан II",16
"Хүрэл зүрх",16
"Friendship is magic #3 (My little pony)",16
"Борхүү, Одхүү, Төмөрхүү гурвын адал явдал #5",16
Scrum,16
"Чингисийн цагаан үүл",16
"Марк Зукербергийн бүтээсэн ертөнц Фэйсбүүк",16
"Яргуйн эрэлчин CD 1",16
"Яргуйн эрэлчин CD 2",16
"Байх гал",16
"Ногун комик цуврал 14",16
"Тэнгэрийн цаг болоогүй",16
"Хөгжилтэй аргаар далбаагаа цээжилцгээе - 2",16
"Шийдвэр гаргалт",16
"Хувь хүний эрх чөлөө",16
"Амжилт болгон өөр өөр",15
"Марко Поло аялал",15
"Сэвэлзүүр салхи",15
Зэрлэг,15
"Санхүүч хэрэм - Анхны хуримтлал",15
"Амьдрал үргэлжилнэ",15
"Их үдийн хот загасны хайрс шиг гудамж",15
"Хатгалын тэмдэглэл",15
"Хятад 388 ханз",15
"Жүжиглэх ур чадвар",15
"Ээж өөрийгөө чагнасан өврийн тэмдэглэл",15
"Солонгон хүү",15
"Уур минь хүрч байна",15
"Монгол Улсын үндсэн хуульт ёсны уламжлал",15
"Гүрж яагаад чадав",15
"Friendship is magic #7 (My little pony)",15
"Friendship is magic #8 (My little pony)",15
"Нэг жил",15
"Эх хүн",15
Зүрх,15
"Сонгодог өгүүллэгийн дээжис 2",15
"Зүрхэнд хүрсэн өгүүллэгүүд",15
"Хатан заяат охид",15
"Анне Франкийн өдрийн тэмдэглэл",15
"Хаадын түүх",15
"Өдөр бүрийн талх 2022",15
"Хүнд жингийн Коммунист",14
"Монголоо мандуулсан Маршал",14
"Дилав хутагт",14
"Дээрхийн гэгээн XIV Далай лам Данзанжамцын “Амар тайван амьдрахуйн зурлага”",14
"Алтан мутрын залуужуулах нууц жор",14
"Нобелийн шагналтнуудын айлдсан онч мэргэн үгс",14
"Хүн бүхэнд л нууц бий",14
"Зорилго бүр дуусах хугацаатай",14
"Эрдэнэ жонон ван Ширнэндамдин",14
"Одоо англи үг цээжлэхгүй байхыг чинь харна аа 1",14
"Донтолт ба сэтгэл зүйн зөвлөгөө",14
"Чонон саарал морь",14
"Мэргэжлээ зөв сонгоход тань",14
Бачуурал,14
"Ногун комик цуврал 17",14
"Цэгц ба хар чоно",14
"Би Солонгос хүн",14
"Z үеийн нөлөө",14
"Бүгд өөрийн гунигтай",14
"500 эерэг өгүүлбэр",14
"Багшийн мэргэжил дээшлүүлэх асуудал. Судалгааны тойм",13
"Гэрлэж амжаагүй бүсгүй танд",13
"Сэтгэл үү, сэрэл үү?",13
"Friends forever #2 (My Little Pony)",13
"Зүрхнээс ину",13
"Нарны алга-1",13
"Амьдралын гарааны үнэт зөвлөмж",13
"Нүүр тулдаг найз",13
"Ангалзуулаад түрүүлсэн наадам",13
"Монгол заяатан",13
"Шинэчлэл ба Түүх",13
"Цахилгаан  шат",13
"Сервантес “Кихот ноён” (В.Набоковын лекц)",13
"Friendship is magic #6 (My little pony)",13
"Хувьсгал танаа өчье",13
"Ногун комик цуврал 15",13
"Яруу найргийн үдэш. Poetry Night Vol.1 - 1р хэсэг",13
"Надтай үлдээч, Сэм",13
"Сургуульд заалгаагүй эрдэм",13
"Райтын ах дүүс",13
"Аав байх арга ухаан",13
"Баялаг | Сэдэл тусгал шийдэл туршлага",13
"Сонгодог өгүүллэгийн дээжис 3",13
"Миний мэдэх Язид ба Зинедин Зидан (1-р бүлэг)",13
"Өнчин цагаан ботго",13
"Хөх эгшиг",13
"Есөн араншин",13
"Мөрдөгч хүүхдүүд",13
"Цахим эринд найз нөхдөө хэрхэн өөртөө татаж бусдад нөлөөлөх вэ?",13
"Friendship is magic #16 (My Little Pony)",12
"Өлөн чонын улиан",12
Хараацай,12
"Эр хүн уйлах эрхтэй",12
"Галбарвас мод хэмээх шашны түүх",12
"Амьдралын хичээл",12
"Яаж хурдан адуутай болох вэ",12
"Алсын харгуйт зам",12
"Нобелийн шагналтнууд",12
"Энэтхэгийн уламжлалт философи - Монгол сонирхогчийн ойлгосноор",12
"Ж. Жойс “Улисс” (В.Набоковын лекц)",12
"Өдөр бүрийн талх /1-3сар/",12
"Зарлигаар тогтоосон Монгол Улсын Хууль зүйлийн бичиг",12
"Мани-ийн түг түмэн зарлиг",12
"Гурван жилийн тоос",12
"Friendship is magic #5 (My little pony)",12
"Хэлмэгдсэн омгийнхон",12
"Овоонд өргөх чулуу",12
"Сургалтын хөтөлбөрийн харьцуулсан судалгаа",12
"Тэмүүлж амьдрах хүч",12
"Өдөр бүрийн талх 2024",12
"Ногун комик цуврал 16",12
"Хүүхэд бүр өөр өөрийн замаар гэрэлтдэг",12
"Шидэт ой",12
"Үлисс I",12
"Сэтгэл судлал, сурган хүмүүжүүлэх ухааны өгүүллийн эмхэтгэл -1. Багш, суралцагч.",12
"Ногун комик цуврал 18",12
"Нөмгөн эр",12
"Сонгодог өгүүллэгийн дээжис 4",12
"Бөрттэй цагаан сарны доор",12
"Ногун комик цуврал 19",12
Өгүүллэгүүд,12
"Дурласан эмэгтэй хамгийн хөөрхөн",12
"Сүүлчийн гавьяат жүжигчин",12
"Мөнх тэнгэрийн хүчин дор амьдармуй",12
"Эхнэрийн эрэлд",11
"100 грамм дурлал",11
"Японы Мэйжигийн үеийн гадаад бодлого",11
"Амсхийх завгүй",11
"Шар айраг",11
"Зууны дуу хоолой, би Сараа",11
"Үл мэдэх газраас...",11
"Сүүжин ээмэгт Ксения",11
"Зөөлөн ай",11
"Бурханы шувуу",11
"Өнгө ба имижийн сэтгэл зүй",11
"Хөгжилтэй аргаар далбаагаа цээжилцгээе - 3",11
"Дэлхийд тэргүүлэх Япон үйлчилгээ",11
"Дурлалын өшөө авалт",11
"Сургамжит өгүүллэгүүд 5",11
"Цогт чандманийн эрэлд",11
"Amla card- Миний гал тогоо",11
"“Чүү чүү” хүүхдийн зурагт ном",11
"Шидэт цэцэг",11
"Tomorrow in the life",11
"Эрх зүй",11
"Сувилгааны үйл ажиллагаа",11
"Хүн зуудаг хоточ",11
"Хүндэтгэсэн хэн нэгэн",11
"Амьд цонх",11
"Робинзон Крузо",11
"Тусч охин Бөртэ",11
"Бөмбөгөр ногоон",11
"Ижил мөрний зүг нүүсэн Ойрадуудын нүүдэл (XVII-XVIII зуун)",11
"Friendship is magic #12 (My Little Pony)",11
"Friendship is magic #13 (My Little Pony)",10
"Нохой шуугиулсан Баатар",10
"Friendship is magic #14 (My Little Pony)",10
"Компани бол хүн",10
"Эх хэл эрдмийн түлхүүр",10
"The secret history of the MONGOL QUEENS",10
Анидча,10
"Би хэн болох вэ?",10
"Сонгодог хөгжим",10
"Галын хүрэн морь",10
"Тэр бол бурхны алдаа",10
"Бөгөн хүрэн азарга",10
"Жагарын их бандида Паадамбын намтар оршив",10
"Нандин урлал 2",10
"Удам сайнаас унага босоо төрнө",10
"Г.Флобер “Бовари хатагтай” (В.Набоковын лекц)",10
"Дөрвөн цагийн монголчууд",10
"Хүн чулууны бичээс",10
"Дэлхийн цуутай бизнесмэнүүд",10
"Би итгэсэн болохоор",10
"Friendship is magic #9 (My Little Pony)",10
"Орилж хашхичиж, гар хүрэхгүйгээр хүүхэд хүмүүжүүлэх нууц арга",10
"Ямандаг Чойнжун",10
"Гурван цагийн аяс",10
"Гол тоглогч",10
"Хүүхдийн шилдэг үлгэрүүд",10
"Хөгжилтэй аргаар Итали хэлний үгээ цээжилцгээе!",10
"Бүсгүйчүүд ургуулан бодолтоосоо чөлөөлөгдөх нь",10
"Барилгын ажил гүйцэтгэх гэрээ",10
"Хатан ухаан",10
"Хүйтэн цуст капиталист",10
"Зэлтэрийн гацааны Зи бацаан",9
"Гүн хэлмэр",9
"Хээр хөдөө хэн шулганав",9
Ром,9
"Бодлоос гардаггүй тэр нэгэн өдөр",9
"Хотжилт I - 1, 2",9
"Ганцаар жаргадаггүй хорвоо",9
"Зовлонгоор бус зорилгоор удирдуул",9
"Нарны алга-2",9
"Сонгодог 100 зохиолч 1",9
"Санхүүч хэрэм - Арвич Нэрсхэн",9
"Эгэл амьдралын зам",9
"Санхүүч хэрэм - Мөнгө гэж юу вэ?",9
"MOST 20 - Хотулун гүнж",9
"Мөнх төрийн мөнгөн магнай",9
"Хар нүдэн хөвгүүн",9
"Халхын заяат харгуй минь",9
"Хоосон төсөөлөл",9
"Би ДОХ-той",9
"Шувуудын гүн ухаан",9
"Meet Pete",9
"Гучин долоо",9
"Илч бадарсан эeрэг үгийн охь",9
"Цагаа олдог нигүүлсэл",9
"Хоосон гуниг",9
"Friendship is magic #10 (My Little Pony)",9
"Галзуугийн улирал",9
"Ногоон өндөг ба ногоон хиам",9
"Гүн тайгын манан",9
"Судартай ногоон дэлхий дээр",9
"Япон сургуулийн хүүхэд хөгжүүлэх арга: Түлхүүр 9 чадвар",9
"Эрвээхэй дэвсэн зун",9
"Эрхэмсэг гарын үсэг",9
"Будаагаар хийх амтат хоол",9
"Талх, нарийн боов, жигнэмэг, дессерт",9
"Ухаанд ургасан эзэнт гүрний эрэл",8
"“Жигүүртнээс дээгүүр” цомог",8
"Долоон өндөгтэй доголон шаазгай",8
"Таван минут",8
"Сонголт хийхээс өмнө",8
"Онцлох чадвар: Бүтээлч байдал",8
"Соёмбо нэгдлийн халтар азарга",8
"Солонгон хөндий",8
"Бүсгүй минь нар даган урга",8
"“Содон заяа”",8
"Дархлагдсан омгийнхон",8
"Гутрал гудбай",8
"Хурцлагдсан хувь заяа",8
"Өдөр бүрийн талх /1-6сар/",8
"Монгол улсын шинэ түүх",8
"Жижиг бизнесийн жинхэнэ санаа",8
"Миний өвөө монголтрансын жолооч",8
"Төгс тоо",8
"Сургамжит өгүүллэгүүд 4",8
"Чөлөөт бүсийн эрх зүйн актын эмхэтгэл",8
"Тагнуулч Одко вирустэй тэмцсэн нь",8
"Маршал Х.Чойбалсангийн намтар",8
Хөшиг,8
"Ухаалгаар төлсөн нь",8
"Аз жаргал бүтээгч",8
"Миний л үнэн",8
"Үлисс II",8
"Friendship is magic #11 (My Little Pony)",8
"Сэтгэл судлал, сонгодгууд",8
"Цахарын хар шуурга",8
"Монголын Алтан ордны улсын цэргийн түүх",8
"Мөрөөдөгч 2",8
"Боловсролын байгууллагын хөгжил",8
"Борооноор уралдах урлаг",8
Хүрэлсүх,7
"Шинэч #2",7
"Хэрвээ Та Зүг Чиг",7
"Хавь яваагүй гудамж",7
"Ирэх буцахын учрал",7
"Төрийн захиргаанаас Нийтийн удирдлагад",7
Ховс,7
"GENGHIS KHAN and the Making of the Modern World",7
"Зарлигаар тогтоосон гадаад монголын төрийг засах явдлын яамны хууль зүйлийн бичиг",7
"Даахин дор хүлэг",7
"Сэтгэл зүйн байршил",7
"Сонгох чадамж",7
"Хөх толботын номын тэмдэглэл",7
"Засаг төрийн Зандан ширээ",7
"Яруу найргийн үдэш. Poetry Night Vol.1 - 2р хэсэг",7
"Сургамжит өгүүллэгүүд 6",7
"Тэр бөх хэний хэн бэ?",7
"Сайн уяачийн нөмөр",7
"Монголын умард нутгийн буган хөшөөд",7
"Замбуутивийн дэлгэр номлол",7
"Биднийг ивээгч Бурхад гараг",7
"Маргаашийн удирдагч",7
"Сайн эцэг эх байх тийм ч хэцүү биш",7
"41 чулууны мэргэ - 3",7
"Биелсэн мөрөөдөл",7
"Мэдэхэд илүүдэхгүй",7
"Мэргэн үгсийн чуулган 3",7
"СЕО & Стратеги",7
"Нандин урлал 1",7
"Нууц товчооны адуу",7
"Зурвасхан бодлууд",7
Аалз,7
"700 өдрийн тэмдэглэл",7
"Мартагдсан Пүгү аймаг",7
"Монголын Аялал жуулчлалын 333 газрын байршил /GPS солбицол/",7
"Армян, Азербайжаны мөргөлдөөний түүхэн шалтгаан",7
"Нууц арлын эзэд",7
"Гоймонгоор хийх амтат хоол",7
"Орчин үеийн ёс зүй",7
"Бид эрчүүдийг хүснэ",6
Өдөөгч,6
"Миний мэдэх Язид ба Зинедин Зидан (3-р бүлэг)",6
"Шөнө дундын бүжиг",6
"Бос гэрэлт",6
"Насан туршдаа эзэмшихүй",6
"Гол ус тунгалагших цаг",6
"М.Прүст “Сваны зүг” (В.Набоковын лекц)",6
"Ураг удмын журам",6
"Гаваагийн Оюун",6
"Эмнэлзүйн сургамжтай тохиолдлууд",6
"Хөрсний хүнд элементийн бохирдлын мониторингийн спектроскопийн ба олон хэмжээст статистикийн судалгаа",6
"Дамар хонгор азарга",6
"Тэмцэж туулсан 2 жил",6
"Азгүй жаалуудын адармаатай түүхүүд - 2",6
"Амьтдын бяцхан толь 1",6
"Ж. Остен “Мэнсфилд парк” (В.Набоковын лекц)",6
"Бид хаанаас ирсэн бэ?",6
"100 Шарк",6
Арслан,6
"Өөдрөгт суралцацгаая",6
"Бэмби ба ойн амьтад",6
"Системийн сэтгэлгээ",6
"Бяцхан дэгдээхэй, гавар хоёрын үлгэр",6
"Бусдын сексийг битгий шүү",6
"Эдийн засгийн эрх чөлөө",6
Золиос,6
kids,6
"Дэлхийн аврал",6
"Буд гарагийн замаар",6
"Цасны баяр",5
"Р.Чойномын нүүрний хэв",5
"Нарны алга (дууль)",5
"Сурагчийн аюулгүй байдал",5
"Сахилгагүй биш сахилгагүй",5
"Миний эх орон - Миний тоонот",5
"Ч.Диккенс “Хүйтэн байшин” (В.Набоковын лекц)",5
"Толгойд нуугдах чөтгөр",5
Зогс-Микроб,5
"Шидэт уулын сормуус",5
"Хэрхэн богино хугацаанд үр дүнтэй илтгэж сурах вэ?",5
"Очир сэтгэл",5
"Mom Wow",5
"Монголчууд Америкт",5
"Манайхны Монгол хэл",5
"Завсарлагатай мацаг",5
"Бүгд найрамдах улсын анхдугаар он",5
"Модтой дэлхий",5
"Улирал ба зохиолч",5
"Миний тусгал",5
Лоракс,5
"Түүхэн нотолгоо",5
"Омотэнаши зочлох үйлчилгээний япон хэл",5
"Мэдээллийн дайны зэвсэг буюу сэтгэцэд нөлөөт үйлчлэл",5
"Товгүй Баярын Хот",5
"Худалдааны маркетинг: Процессын удирдлага, боловсруулалт, тооцоолол",5
"Монгол Улсын хураангуй түүх",5
"Олон улсын харилцаан дахь байнга төвийг сахих статус",5
"Балжингарамын зун",5
"Амьтдын бяцхан толь 2",5
"Женни муур",5
"Би том ах боллоо",5
"Сүүдрийн вант улс",5
"Одоо англи үг цээжлэхгүй байхыг чинь харна аа 2",5
"Миний мэдэх Язид ба Зинедин Зидан (2-р бүлэг)",5
"Залуу аялагчид",5
"Коби Брайант",5
"Би том эгч боллоо",5
"Далайд хувилав",5
"Миний ертөнц",5
"Мөхөл дүүрэн хүний түүх",5
ТЭМҮҮЛЭН,4
"Харанхуй хутга",4
1см+,4
"Хүний энергийн систем - өвчлөл, эмчилгээ",4
"Цагийн зурвас",4
"Есөн зууны сонгодог бадгууд",4
"Өөрийгөө бүтээ",4
"Аз жаргалтай өдрүүд",4
"Бяцхан аялагч",4
"Бумбардай-1 Аргалд явсан нь",4
"Өөрөөрөө байх шиг сайхан зүйл гэж үгүй",4
"Хүдэнт хангайн уулс 2",4
"Эмнэг хар азарга",4
"Ган хатгуур",4
"Чин бишрэлт хатан",4
"Сар, дэлхий хоёр",4
"Шийдэл үргэлж байдаг",4
"Стивенсон “Доктор Жекил болоод мистер Хайдын хачирхалтай түүх” (В.Набоковын лекц)",4
"Аминагийн дурлал",4
"Аяга бол халбаганы гэр",4
"Хөдөлмөрийн баатар Хүрээт",4
"Бид ингэж ярьдаг",4
"Чулууны хэл",4
"Хулгайн хэргийн адармаа",4
"Дүүдээ бичсэн захидлууд",3
"Цэрэнпил гүнгийн хэрэг",3
""Хотол төгс" хэмээх төмөр хулгана жилийн засал номын айлдвар",3
"Завгүй хүмүүст зориулсан астрофизик",3
kids2,3
"Summary256 - Эмх цэгцтэй ажиллах нь",3
"Би бол дараагийн олимп, дэлхийн аварга мөн",3
"Гэртээ буцаж ирсэн нь",3
Энхрий,3
Спартак,3
"Япон блюз",3
"Өртөөний хүүхдүүд",3
"Монгол зарчим",3
Цогтсайхан,3
""Нармай Монгол"-изм-/"Панмонголизм"/-ын хэрэгт хэлмэгдсэн монголчууд /1937-1941/",3
"Сэтгэлийг гэрэлтүүлэгч эрдэнийн толь",3
"Монголын эртний нүүдэлчдийн зэр зэвсэг",3
"Улаанбаатар хотын өнгөн хөрсөн дэх макро, микроэлемент, хүнд металлын судалгаа",3
"Магистр, докторын судалгааны ажлыг хэрхэн гүйцэтгэх вэ?",3
"Дээд боловсролын онол, арга зүй (Тэргүүн дэвтэр)",3
"Дорнын нууц хот",3
"Сонсогч таны эрх зүйн мэдлэгт 1",3
"Дэлхийн Монголчуудын түүх I боть",3
"Миний эзний уушийн газар",3
"Аз жаргалтай хүүхдийн 7 дадал (2-8 нас)",3
"Тэргэл саран",3
"Номингоогийн хайр",3
"Сүүдрийн хүн",3
"Корона вирус ба эрүүл мэнд",3
"Монгол Улсын төсвийн хөрөнгө оруулалт, бүтээн байгуулалт 1911-2011 онд",3
"Өгөөмөр охин Өэлүн",3
"Гурван улсын үлгэр 2-р боть",3
"Иогийн сэтгэлээр сонгуульд",3
"Монгол Улсын Дээд шүүхийн тогтоолын эмхтгэл",3
"Тэмүүлэнгийн нөхөд",3
"Орчлонгийн үүсэл",2
Ваарчин,2
"Азгүй жаалуудын адармаатай түүхүүд - 3",2
"The Walk to Aphorism",2
"Мянган нарны цацраг",2
"MOST 19 - Хүсэл тэмүүллийн цэнэг",2
"XXI зууны ёс суртахуун",2
"Бурханы шашин ба Танин мэдэхүй - Боть 1",2
Монгол,2
"Сэмэрч үл барагдана",2
"Жир биш... /богино өгүүллэгүүд/",2
"Ухаалаг жолооч",2
"Бүтэн нэр",2
"Монголын товч түүх",2
"Жир биш... /өгүүлсэн шүлэг, товчит бичвэрүүд/",2
"Summary265 - Урам зориг",2
"Summary267 - 10 дахин нэмэгдүүлэх дүрэм",2
"Summary268 - ЭГО таны дайсан",2
"Нөхөр залбирсны хүчээр",2
"Нар хүнээс манддаг 2-р дэвтэр",2
"Цагаан чоно",2
"Summary269 - Хэрхэн санаа зоволгүйгээр амар тайван амьдрах вэ",2
"Энэ амьдралд нэг арьсан дотор нэг нүүртэй байж байгаад дуусчихвал сайхан Ц. Нямдорж",2
"Хүмүүсийн тухай роман-2",2
"Summary271 - Ном хэрхэн унших вэ",2
"Шинэ хувьсгал",2
"Summary 110 - Хийж буй зүйл тань таныг илтгэнэ",2
"Summary274 - Ногоон гэрлүүд",2
"Чингис хаан тэнгэрийн зарлиг",2
"Монгол жороо морь",2
"Ам дамжсан яриа",2
"Зүүдний үргэлжлэл",2
"Гурван улсын үлгэр 3-р боть",2
"Хятад өгүүллэгийн түүвэр",2
"Summary292 - Эрчүүд ангарагаас, эмэгтэйчүүд сугараас ирсэн",2
"Дэлхийн төв рүү аялсан нь",2
"Борхүү, бор ишиг хоёр",2
"Хайртай хүндээ хайртай",2
"Өөрийгөө шинээр харах аялал",2
"Эмнэлзүйн ховор тохиолдлууд",2
"Аавын сургаал",2
"Хүмүүсийн тухай роман-1",2
"Адуу манаж хонохсон",2
"Бизнесийн статистик",2
"Газар доорх кабель илрүүлэгч иж бүрдэл, төхөөрөмжүүдийн сургалтын гарын авлага",2
"Summary 195 - Энэ бүхэн танаас эхлээгүй",2
"Тарваганы дууль",2
1984,2
"Миний сэтгэл хөдлөлүүд",2
"Нандин урлал 3",2
"Summary133-Ядуу эдийн засаг",2
"Хорвоог аргадах аялгуу",2
"Жижигхэн хүмүүсийн том ертөнцөөр",2
"Хилийн чанадад",2
"Шинэч #1",2
"50 чухал хүн",2
"Summary139-Соёлын газрын зураг",2
"Цэцэгхэн ба амтгүй жигнэмэг",2
"Дээд боловсролын онол, арга зүй (Дэд дэвтэр)",2
"Summary232 - Урлагийн дайн",2
"Цагт 100 англи үг цээжлэх нууц 2",2
"Миний шүүгээнд",2
Сахиул,2
"Summary180-Өөрийгөө дахин бүтээ",2
"Баавгайд зориулсан бурханы сургаал",2
"Summary277 - Зөвшилцөлд хүрэх урлаг",2
"Summary247 - Тав дахь хэлцэл",2
""Нэг бүс нэг зам" санаачилга ба Монгол Улсын оролцоо",2
"Амгалангийн уг",2
"Summary280 - Эр хүн шиг сэтгэж бүсгүй хүн шиг хий",2
"Summary252 - Уур амьсгалын өөрчлөлтөөс үүдэлтэй гамшгаас хэрхэн сэргийлэх вэ?",2
"Ариун Библи 2013",2
"Оюун судлахуйн найман бадагт хэмээх шастирын тайлбар",2
"Ухаалаг утасны зомбинууд",2
"Гүйгүүл зүүдтэй намар",2
"Бодлын цүнхээл",1
"Summary 103 - Бүсгүй минь, нүүрээ угаа",1
"Би их уулын эрх хүү",1
"Азын дөрвөн морь",1
"Summary 104 - Хэрхэн найзуудтай болж бусдыг байлдан дагуулах вэ",1
"Антолог буюу Гилромоц",1
"Summary 105 - 'Амазон' мятаршгүй юу",1
"Summary254 - Шинжлэх ухааны товч түүх",1
"Дээд математикийн язгуур үндэс Боть 1",1
"Summary 106 - Та хэн нэгэнтэй ярилцах хэрэгтэй байх",1
"Нүцгэн ирсэн, нүцгэн буцна",1
"Дээд математикийн язгуур үндэс Боть 2",1
"Нэр нэгтний хоёр үхэл",1
"Гурван биет I - Гариг дэлхийн өнийн хэрэг",1
"Summary263 - Хомо деус",1
"Дээд математикийн дасгал бодлого",1
"Summary 190 - Атомын зуршил",1
"Мэргэжлээ сонгох нь",1
"Алгебр ба топологийн лекцүүд",1
Зааг,1
"Хаан түүх II",1
"Шугаман алгебр ба геометр",1
"Сонгодог 100 зохиолч 2",1
"Гайхмаа гайхахаа больсон нь",1
"Дээд алгебрын курс",1
"Мунхагаас гэтэлж уураа номхотгосон минь",1
"Summary 107 - Алхам алхмаар",1
"Зорих зүг",1
"Бумбардай-3 Нүүдэл айсуй",1
"Шугаман алгебрын элемент ба аналитик геометр",1
"Summary 108 - Бизнесээ эхлэхийн өмнө хамгийн чухал цорын ганц зүйлээ СОНГО",1
"Мөрөөдлийн хязгаар буюу Дофамин",1
"Магадлалын онол, математик статистик",1
"Summary289 - Танихгүй хүмүүстэй ярилцах нь",1
"Комплекс хувьсагчийн функцийн онол /дахин хэвлэлт/",1
"Summary290 - Алдагдсан холбоо",1
"Баруунш зорчсон тэмдэглэл I",1
"Би том болоод",1
"Summary276 - Хоёр дахь тархийг бүтээх нь",1
"Нэг хувьсагчийн функцийн комплекс анализ /дахин хэвлэлт/",1
"Summary291 - Бүсгүй минь, уучлал гуйхаа боль",1
"Стефен Көрри",1
"Сэтгэлийн цагаан суварга",1
"Цохилж эхлэв",1
"Тооцон бодох математик 1-р дэвтэр",1
"Явуу баатар vs Covid-19 комик",1
"Хүрэл баганын уналт",1
"Тооцон бодох математик 2-р дэвтэр",1
"Summary294 - Толгойдоо үлдээ",1
"Александр Блок",1
"Summary281 - Хэрхэн хэнтэй ч харилцаж чаддаг болох вэ",1
"Дурлах нас 1",1
"Иллиной гудамж дахь 15 хором",1
"Царцаа шоргоолж хоёр",1
"Дифференциал тэгшитгэл",1
"Summary295 - Найзууд, дурлалт хосууд бас хамгийн том аймшигт зүйл",1
"Үүлэн бор",1
"Summary285 - Амьддаа мөнгөө зарцуул",1
"Коран судар",1
"Архангай аймаг",1
"Дамжин өнгөрөх тээвэр хөгжлийн гарц",1
"Юм бүхэнд өөрийн гэсэн байр бий",1
"Тооцон бодох математикийн бодлогын хураамж",1
"Summary296 - Инээмсэглэл",1
"Сайн уу, Би Корона байна!",1
"Орос үлгэрүүд",1
"Summary286 - Factfulness",1
"Гал ус",1
"Чингис хааны удмын Далай лам",1
"Үйлийн үр захиалагч",1
"Summary297 - Дэлхийн амьдралд зориулсан сансрын нисэгчийн гарын авлага",1
Гэсэр,1
"Сүүлэн хүү",1
"Ногун комик цуврал 1",1
"Хирагана Катаканаг Хиаруул",1
"Шидэт хүүрийн үлгэр",1
"Сонгогч таны эрх зүйн мэдлэгт 3",1
"Шадар гурван цэрэг",1
"Бүргэд тэнгэрт хальдаг",1
"Миний мэдэхгүй З. Энхболд",1
"Хятадын богино шилдэг өгүүллэгүүд",1
"Цахилгаан хөдөлгүүрийг турших, туршилтын зөөврийн төхөөрөмжийн гарын авлага",1
"Америкийн эмгэнэлт явдал 1-р Боть",1
"Чингис хаан: Өнөөгийн Монгол Улс & Монголчууд",1
"Төр ба Иргэн",1
"Америкийн эмгэнэлт явдал 2-р Боть",1
"Бумбардай-2 Борцны хулгай",1
"Хөгждөггүйн тухай тэрс үг минь",1
"Эрэлхэг баатрууд",1
"Арбатын хүүхдүүд 1",1
"Өөрчлөлтийн удирдлага",1
"Оюутан суралцагчдад судалгааны ажил бичих зөвлөмж",1
"Холбон тоглогчид",1
"Сонсогч таны эрх зүйн мэдлэгт 2",1
"Бумбардай-4 Чулуун тоглоом",1
"Галатчуудад бичсэн захидлын тайлбар",1
"Арбатын хүүхдүүд 2 (Айдас)",1
"Summary221 - Хазайлтын цэг",1
Summary136-Шинэчлэгчид,1
"Бумбардай-6 Сүүн цацал",1
"Шидэт Монгол үлгэрүүд 2",1
"Арбатын хүүхдүүд 3 (Үнс чандруу)",1
"Summary229 - Нэг минутын менежер",1
"Санниковын газар",1
Шукшин,1
"Дээд боловсролын онол, арга зүй (Гутгаар дэвтэр)",1
"Борооны бурхан",1
"Summary233 - Дахин бод",1
"Хаан түүх I",1
"Улс төрийн эрх чөлөө",1
"Summary239 - Золиг гэж, бие засуулж сургах нь",1
"Super IQ Maths",1
"Гольф сонирхогчдын гарын авлага",1
"Монгол Улсын батлан хамгаалахын цагаан ном",1
"Summary242 - Гэдэс",1
"Summary 99 - Амьд үлдэх шалтгаанууд",1
"Цэргийн Ерөнхий тактик",1
"Монгол Улсын төсвийн хөрөнгө оруулалт, бүтээн байгуулалт 2011-2021 онд",1
"Сэтгэлд харвасан туяа /Сонсдог кино/",1
"Summary 100 - Өдөр тутмын эд зүйлсийн загвар",1
"Summary 102 - Интернэт дэх хэл",1
